YAL002W	YAL002W	NotMapped	1117.2265
YAL008W	YAL008W	NotMapped	1935.5047
YAL009W	YAL009W	NotMapped	813.77448
YAL013W	YAL013W	NotMapped	1507.0816
YAL018C	YAL018C	NotMapped	109.04551
YAL028W	YAL028W	NotMapped	487.3959
YAL031C	YAL031C	NotMapped	1406.9902
YAL034C	YAL034C	NotMapped	1824.4613
YAL036C	YAL036C	NotMapped	1601.8258
YAL037C-A	YAL037C-A	NotMapped	75.570478
YAL037W	YAL037W	NotMapped	216.46817
YAL042W	YAL042W	NotMapped	2484.5606
YAL044W-A	YAL044W-A	NotMapped	2808.2842
YAL046C	YAL046C	NotMapped	2196.3874
YAL049C	YAL049C	NotMapped	4857.1484
YAL051W	YAL051W	NotMapped	1190.99
YAL053W	YAL053W	NotMapped	2221.4249
YAL055W	YAL055W	NotMapped	1051.6393
YAL056W	YAL056W	NotMapped	1639.1289
YAL059W	YAL059W	NotMapped	570.6563
YAL063C-A	YAL063C-A	NotMapped	178.32426
YAL064C-A	YAL064C-A	NotMapped	121.60325
YAL064W	YAL064W	NotMapped	121.80163
YAL064W-B	YAL064W-B	NotMapped	260.62674
YAL065C	YAL065C	NotMapped	264.9017
YAL067C	YAL067C	NotMapped	255.63611
YAL067W-A	YAL067W-A	NotMapped	84.363892
YAR002C-A	YAR002C-A	NotMapped	4768.2914
YAR014C	YAR014C	NotMapped	1292.2409
YAR023C	YAR023C	NotMapped	605.06957
YAR027W	YAR027W	NotMapped	86.468144
YAR028W	YAR028W	NotMapped	99.664704
YAR029W	YAR029W	NotMapped	1509.8056
YAR031W	YAR031W	NotMapped	381.36222
YAR033W	YAR033W	NotMapped	182.98636
YAR035C-A	YAR035C-A	NotMapped	175.04585
YAR042W	YAR042W	NotMapped	1659.148
YAR068W	YAR068W	NotMapped	802.34942
YBL001C	YBL001C	NotMapped	4398.6317
YBL005W	YBL005W	NotMapped	495.2294
YBL007C	YBL007C	NotMapped	3067.9492
YBL008W-A	YBL008W-A	NotMapped	110.48937
YBL010C	YBL010C	NotMapped	555.5129
YBL017C	YBL017C	NotMapped	3119.7072
YBL021C	YBL021C	NotMapped	1282.3118
YBL028C	YBL028C	NotMapped	726.04323
YBL029C-A	YBL029C-A	NotMapped	2453.4065
YBL029W	YBL029W	NotMapped	2426.1745
YBL031W	YBL031W	NotMapped	496.35001
YBL036C	YBL036C	NotMapped	1488.6316
YBL038W	YBL038W	NotMapped	3535.3479
YBL039W-B	YBL039W-B	NotMapped	1240.9824
YBL040C	YBL040C	NotMapped	2946.1017
YBL042C	YBL042C	NotMapped	3621.2723
YBL043W	YBL043W	NotMapped	2204.0461
YBL044W	YBL044W	NotMapped	106.91854
YBL046W	YBL046W	NotMapped	605.88556
YBL047C	YBL047C	NotMapped	4709.977
YBL049W	YBL049W	NotMapped	1070.6855
YBL050W	YBL050W	NotMapped	4199.9329
YBL051C	YBL051C	NotMapped	1455.0847
YBL054W	YBL054W	NotMapped	451.85076
YBL055C	YBL055C	NotMapped	524.39175
YBL059W	YBL059W	NotMapped	1359.1043
YBL060W	YBL060W	NotMapped	362.61085
YBL061C	YBL061C	NotMapped	602.38709
YBL066C	YBL066C	NotMapped	1348.4232
YBL069W	YBL069W	NotMapped	514.70911
YBL071C-B	YBL071C-B	NotMapped	96.194416
YBL081W	YBL081W	NotMapped	544.33387
YBL085W	YBL085W	NotMapped	1049.9483
YBL086C	YBL086C	NotMapped	512.70159
YBL089W	YBL089W	NotMapped	1487.6131
YBL091C-A	YBL091C-A	NotMapped	965.7792
YBL095W	YBL095W	NotMapped	2300.2304
YBL100W-C	YBL100W-C	NotMapped	90.162567
YBL101C	YBL101C	NotMapped	3377.2335
YBL102W	YBL102W	NotMapped	3238.2889
YBL103C	YBL103C	NotMapped	829.86682
YBL104C	YBL104C	NotMapped	1718.132
YBL106C	YBL106C	NotMapped	471.79202
YBL107C	YBL107C	NotMapped	1440.5983
YBR005W	YBR005W	NotMapped	666.58328
YBR007C	YBR007C	NotMapped	878.10584
YBR013C	YBR013C	NotMapped	308.2679
YBR014C	YBR014C	NotMapped	1879.9216
YBR016W	YBR016W	NotMapped	4774.3727
YBR017C	YBR017C	NotMapped	1310.4303
YBR021W	YBR021W	NotMapped	1092.8485
YBR025C	YBR025C	NotMapped	6588.523
YBR030W	YBR030W	NotMapped	548.97583
YBR033W	YBR033W	NotMapped	2688.322
YBR036C	YBR036C	NotMapped	3816.6963
YBR040W	YBR040W	NotMapped	107.534
YBR041W	YBR041W	NotMapped	1532.0414
YBR042C	YBR042C	NotMapped	896.67951
YBR043C	YBR043C	NotMapped	1864.7545
YBR044C	YBR044C	NotMapped	2001.1476
YBR047W	YBR047W	NotMapped	3353.7741
YBR050C	YBR050C	NotMapped	754.41919
YBR052C	YBR052C	NotMapped	6340.9604
YBR053C	YBR053C	NotMapped	3222.4762
YBR054W	YBR054W	NotMapped	1154.5026
YBR056W	YBR056W	NotMapped	2092.4644
YBR057C	YBR057C	NotMapped	1071.1067
YBR058C-A	YBR058C-A	NotMapped	1342.5064
YBR062C	YBR062C	NotMapped	1672.6949
YBR063C	YBR063C	NotMapped	1252.9913
YBR066C	YBR066C	NotMapped	1643.7466
YBR071W	YBR071W	NotMapped	663.01217
YBR072C-A	YBR072C-A	NotMapped	91.50742
YBR074W	YBR074W	NotMapped	1133.1376
YBR076W	YBR076W	NotMapped	105.82956
YBR077C	YBR077C	NotMapped	2702.9998
YBR085C-A	YBR085C-A	NotMapped	2861.4709
YBR086C	YBR086C	NotMapped	4803.0148
YBR089C-A	YBR089C-A	NotMapped	3117.46
YBR090C	YBR090C	NotMapped	242.80837
YBR094W	YBR094W	NotMapped	1913.7809
YBR095C	YBR095C	NotMapped	1390.4774
YBR096W	YBR096W	NotMapped	2613.0996
YBR098W	YBR098W	NotMapped	482.6803
YBR101C	YBR101C	NotMapped	3895.7259
YBR102C	YBR102C	NotMapped	897.16037
YBR103W	YBR103W	NotMapped	2336.0753
YBR105C	YBR105C	NotMapped	1964.9087
YBR106W	YBR106W	NotMapped	8795.3797
YBR107C	YBR107C	NotMapped	501.99954
YBR108W	YBR108W	NotMapped	762.56028
YBR119W	YBR119W	NotMapped	923.27253
YBR122C	YBR122C	NotMapped	4885.297
YBR129C	YBR129C	NotMapped	1085.0876
YBR131W	YBR131W	NotMapped	687.33307
YBR137W	YBR137W	NotMapped	3195.6227
YBR138C	YBR138C	NotMapped	854.11814
YBR139W	YBR139W	NotMapped	6286.1928
YBR140C	YBR140C	NotMapped	4443.099
YBR141C	YBR141C	NotMapped	257.51423
YBR147W	YBR147W	NotMapped	2783.5356
YBR148W	YBR148W	NotMapped	382.69876
YBR150C	YBR150C	NotMapped	1396.627
YBR151W	YBR151W	NotMapped	6183.4937
YBR152W	YBR152W	NotMapped	227.85006
YBR155W	YBR155W	NotMapped	584.28277
YBR156C	YBR156C	NotMapped	566.36461
YBR157C	YBR157C	NotMapped	174.96396
YBR161W	YBR161W	NotMapped	688.41698
YBR162C	YBR162C	NotMapped	4676.1299
YBR162W-A	YBR162W-A	NotMapped	2357.8143
YBR165W	YBR165W	NotMapped	1111.7921
YBR168W	YBR168W	NotMapped	638.60538
YBR177C	YBR177C	NotMapped	7022.2911
YBR180W	YBR180W	NotMapped	115.37018
YBR182C-A	YBR182C-A	NotMapped	83.284669
YBR184W	YBR184W	NotMapped	168.05574
YBR186W	YBR186W	NotMapped	132.2914
YBR187W	YBR187W	NotMapped	2439.0933
YBR188C	YBR188C	NotMapped	570.78828
YBR194W	YBR194W	NotMapped	797.79332
YBR195C	YBR195C	NotMapped	891.31773
YBR196C-A	YBR196C-A	NotMapped	486.69301
YBR196C-B	YBR196C-B	NotMapped	376.8812
YBR197C	YBR197C	NotMapped	425.01416
YBR200W-A	YBR200W-A	NotMapped	107.08211
YBR203W	YBR203W	NotMapped	1570.5235
YBR207W	YBR207W	NotMapped	3377.4744
YBR210W	YBR210W	NotMapped	1580.2773
YBR212W	YBR212W	NotMapped	1451.9824
YBR214W	YBR214W	NotMapped	2901.6495
YBR215W	YBR215W	NotMapped	789.77673
YBR216C	YBR216C	NotMapped	1149.8032
YBR219C	YBR219C	NotMapped	118.82324
YBR220C	YBR220C	NotMapped	1303.7795
YBR221W-A	YBR221W-A	NotMapped	90.26857
YBR222C	YBR222C	NotMapped	4635.3204
YBR225W	YBR225W	NotMapped	1731.1728
YBR230C	YBR230C	NotMapped	9564.2771
YBR230W-A	YBR230W-A	NotMapped	5828.6906
YBR231C	YBR231C	NotMapped	608.68984
YBR238C	YBR238C	NotMapped	645.39021
YBR239C	YBR239C	NotMapped	897.62916
YBR240C	YBR240C	NotMapped	2751.4881
YBR241C	YBR241C	NotMapped	1462.6172
YBR242W	YBR242W	NotMapped	1371.3055
YBR245C	YBR245C	NotMapped	1180.7458
YBR250W	YBR250W	NotMapped	122.90154
YBR254C	YBR254C	NotMapped	1003.9306
YBR255C-A	YBR255C-A	NotMapped	2676.3995
YBR255W	YBR255W	NotMapped	908.8273
YBR259W	YBR259W	NotMapped	376.80661
YBR260C	YBR260C	NotMapped	1484.195
YBR268W	YBR268W	NotMapped	3079.4666
YBR269C	YBR269C	NotMapped	6478.65
YBR270C	YBR270C	NotMapped	579.24104
YBR271W	YBR271W	NotMapped	452.56818
YBR272C	YBR272C	NotMapped	626.89331
YBR273C	YBR273C	NotMapped	1948.2271
YBR284W	YBR284W	NotMapped	190.32409
YBR285W	YBR285W	NotMapped	769.35633
YBR287W	YBR287W	NotMapped	1993.914
YBR288C	YBR288C	NotMapped	1074.9393
YBR290W	YBR290W	NotMapped	1874.9611
YBR293W	YBR293W	NotMapped	514.64413
YBR296C-A	YBR296C-A	NotMapped	85.728637
YBR297W	YBR297W	NotMapped	1440.9144
YBR298C-A	YBR298C-A	NotMapped	90.632163
YCL001W	YCL001W	NotMapped	3211.0959
YCL001W-A	YCL001W-A	NotMapped	99.541696
YCL001W-B	YCL001W-B	NotMapped	78.492388
YCL002C	YCL002C	NotMapped	1108.6107
YCL005W	YCL005W	NotMapped	589.22627
YCL005W-A	YCL005W-A	NotMapped	4177.0712
YCL011C	YCL011C	NotMapped	3228.5873
YCL012C	YCL012C	NotMapped	2042.6471
YCL014W	YCL014W	NotMapped	1560.4715
YCL021W-A	YCL021W-A	NotMapped	185.38306
YCL026C-A	YCL026C-A	NotMapped	132.18906
YCL026C-B	YCL026C-B	NotMapped	1507.6927
YCL028W	YCL028W	NotMapped	1942.1041
YCL029C	YCL029C	NotMapped	971.09417
YCL032W	YCL032W	NotMapped	726.00194
YCL033C	YCL033C	NotMapped	2408.5715
YCL034W	YCL034W	NotMapped	2173.9757
YCL036W	YCL036W	NotMapped	263.93464
YCL039W	YCL039W	NotMapped	2371.8279
YCL042W	YCL042W	NotMapped	215.49482
YCL044C	YCL044C	NotMapped	966.19665
YCL045C	YCL045C	NotMapped	2699.2096
YCL047C	YCL047C	NotMapped	464.97322
YCL048W	YCL048W	NotMapped	103.16145
YCL049C	YCL049C	NotMapped	2309.4445
YCL051W	YCL051W	NotMapped	1086.1844
YCL055W	YCL055W	NotMapped	616.51633
YCL056C	YCL056C	NotMapped	1941.4152
YCL063W	YCL063W	NotMapped	644.57562
YCR004C	YCR004C	NotMapped	5136.4754
YCR007C	YCR007C	NotMapped	359.0233
YCR009C	YCR009C	NotMapped	3263.9749
YCR010C	YCR010C	NotMapped	733.96642
YCR011C	YCR011C	NotMapped	4079.3889
YCR015C	YCR015C	NotMapped	755.97126
YCR016W	YCR016W	NotMapped	491.69781
YCR017C	YCR017C	NotMapped	2330.1621
YCR019W	YCR019W	NotMapped	776.32696
YCR020C	YCR020C	NotMapped	5008.0243
YCR020C-A	YCR020C-A	NotMapped	1122.3958
YCR021C	YCR021C	NotMapped	394.08041
YCR023C	YCR023C	NotMapped	1475.6487
YCR024C-A	YCR024C-A	NotMapped	5198.7923
YCR024C-B	YCR024C-B	NotMapped	6813.5922
YCR026C	YCR026C	NotMapped	1101.2473
YCR028C-A	YCR028C-A	NotMapped	8113.1257
YCR030C	YCR030C	NotMapped	2304.7345
YCR032W	YCR032W	NotMapped	1029.8279
YCR033W	YCR033W	NotMapped	2298.6758
YCR038C	YCR038C	NotMapped	641.15254
YCR043C	YCR043C	NotMapped	1204.862
YCR044C	YCR044C	NotMapped	1617.1018
YCR046C	YCR046C	NotMapped	4200.056
YCR047C	YCR047C	NotMapped	784.27899
YCR051W	YCR051W	NotMapped	1301.9249
YCR054C	YCR054C	NotMapped	481.61089
YCR059C	YCR059C	NotMapped	875.05602
YCR060W	YCR060W	NotMapped	362.77651
YCR061W	YCR061W	NotMapped	1950.7995
YCR067C	YCR067C	NotMapped	2284.5012
YCR075W-A	YCR075W-A	NotMapped	1471.4925
YCR076C	YCR076C	NotMapped	1047.5324
YCR079W	YCR079W	NotMapped	1469.6175
YCR086W	YCR086W	NotMapped	976.61305
YCR087C-A	YCR087C-A	NotMapped	644.79589
YCR088W	YCR088W	NotMapped	1888.0449
YCR090C	YCR090C	NotMapped	1803.7341
YCR094W	YCR094W	NotMapped	1701.7471
YCR095C	YCR095C	NotMapped	484.1017
YCR098C	YCR098C	NotMapped	3954.9519
YCR099C	YCR099C	NotMapped	241.59196
YCR100C	YCR100C	NotMapped	374.39571
YCR101C	YCR101C	NotMapped	180.64539
YCR102C	YCR102C	NotMapped	359.3253
YCR106W	YCR106W	NotMapped	317.95102
YCR107W	YCR107W	NotMapped	227.7935
YCR108C	YCR108C	NotMapped	124.69885
YDL001W	YDL001W	NotMapped	1248.3048
YDL010W	YDL010W	NotMapped	1087.7681
YDL012C	YDL012C	NotMapped	1400.7074
YDL013W	YDL013W	NotMapped	1029.1548
YDL018C	YDL018C	NotMapped	1169.7512
YDL019C	YDL019C	NotMapped	3707.8867
YDL025C	YDL025C	NotMapped	1946.1669
YDL027C	YDL027C	NotMapped	1201.5051
YDL037C	YDL037C	NotMapped	354.52796
YDL038C	YDL038C	NotMapped	1200.5679
YDL039C	YDL039C	NotMapped	1788.8039
YDL044C	YDL044C	NotMapped	1117.7635
YDL045W-A	YDL045W-A	NotMapped	1442.0254
YDL046W	YDL046W	NotMapped	3028.0072
YDL048C	YDL048C	NotMapped	4297.6792
YDL051W	YDL051W	NotMapped	1417.7279
YDL053C	YDL053C	NotMapped	5427.6415
YDL054C	YDL054C	NotMapped	1999.4001
YDL057W	YDL057W	NotMapped	435.97485
YDL058W	YDL058W	NotMapped	995.2657
YDL063C	YDL063C	NotMapped	896.64376
YDL073W	YDL073W	NotMapped	690.37278
YDL076C	YDL076C	NotMapped	454.48209
YDL077C	YDL077C	NotMapped	725.6788
YDL085C-A	YDL085C-A	NotMapped	710.56253
YDL087C	YDL087C	NotMapped	364.4591
YDL089W	YDL089W	NotMapped	677.62156
YDL099W	YDL099W	NotMapped	1220.0284
YDL105W	YDL105W	NotMapped	349.51778
YDL109C	YDL109C	NotMapped	421.70428
YDL110C	YDL110C	NotMapped	2779.0582
YDL113C	YDL113C	NotMapped	1186.495
YDL114W	YDL114W	NotMapped	113.81438
YDL115C	YDL115C	NotMapped	1211.8421
YDL117W	YDL117W	NotMapped	1501.6602
YDL119C	YDL119C	NotMapped	359.40716
YDL120W	YDL120W	NotMapped	1903.952
YDL121C	YDL121C	NotMapped	1515.6632
YDL123W	YDL123W	NotMapped	1168.4913
YDL124W	YDL124W	NotMapped	1231.7971
YDL125C	YDL125C	NotMapped	5043.5466
YDL129W	YDL129W	NotMapped	429.55992
YDL130W-A	YDL130W-A	NotMapped	8648.3988
YDL133W	YDL133W	NotMapped	1207.6537
YDL139C	YDL139C	NotMapped	447.32288
YDL144C	YDL144C	NotMapped	1232.76
YDL146W	YDL146W	NotMapped	539.46543
YDL156W	YDL156W	NotMapped	441.78332
YDL157C	YDL157C	NotMapped	3658.1125
YDL159W-A	YDL159W-A	NotMapped	87.802769
YDL160C-A	YDL160C-A	NotMapped	645.99358
YDL161W	YDL161W	NotMapped	970.70024
YDL167C	YDL167C	NotMapped	670.11633
YDL169C	YDL169C	NotMapped	1275.0401
YDL173W	YDL173W	NotMapped	2199.3192
YDL176W	YDL176W	NotMapped	599.32217
YDL177C	YDL177C	NotMapped	491.38533
YDL178W	YDL178W	NotMapped	3190.035
YDL179W	YDL179W	NotMapped	804.86938
YDL180W	YDL180W	NotMapped	1355.3524
YDL181W	YDL181W	NotMapped	11281.423
YDL183C	YDL183C	NotMapped	499.53177
YDL186W	YDL186W	NotMapped	90.810596
YDL189W	YDL189W	NotMapped	1322.1337
YDL193W	YDL193W	NotMapped	507.73997
YDL197C	YDL197C	NotMapped	526.56393
YDL198C	YDL198C	NotMapped	10366.666
YDL199C	YDL199C	NotMapped	457.16148
YDL203C	YDL203C	NotMapped	1209.1406
YDL206W	YDL206W	NotMapped	992.58595
YDL209C	YDL209C	NotMapped	466.1116
YDL210W	YDL210W	NotMapped	1345.9095
YDL211C	YDL211C	NotMapped	418.74017
YDL212W	YDL212W	NotMapped	4878.6614
YDL214C	YDL214C	NotMapped	1382.4509
YDL218W	YDL218W	NotMapped	113.50391
YDL222C	YDL222C	NotMapped	750.3398
YDL223C	YDL223C	NotMapped	932.73989
YDL224C	YDL224C	NotMapped	2652.9008
YDL227C	YDL227C	NotMapped	112.01696
YDL231C	YDL231C	NotMapped	4148.1215
YDL233W	YDL233W	NotMapped	703.09918
YDL234C	YDL234C	NotMapped	1671.627
YDL237W	YDL237W	NotMapped	2665.4498
YDL239C	YDL239C	NotMapped	538.03326
YDL240W	YDL240W	NotMapped	1515.6122
YDL241W	YDL241W	NotMapped	221.04218
YDL243C	YDL243C	NotMapped	195.74945
YDR002W	YDR002W	NotMapped	5788.9628
YDR003W	YDR003W	NotMapped	1333.7705
YDR003W-A	YDR003W-A	NotMapped	913.49529
YDR005C	YDR005C	NotMapped	1427.4198
YDR006C	YDR006C	NotMapped	3302.3432
YDR014W	YDR014W	NotMapped	413.77308
YDR017C	YDR017C	NotMapped	1822.8029
YDR018C	YDR018C	NotMapped	513.99957
YDR020C	YDR020C	NotMapped	347.17915
YDR022C	YDR022C	NotMapped	805.48161
YDR028C	YDR028C	NotMapped	1983.2173
YDR031W	YDR031W	NotMapped	1415.6368
YDR032C	YDR032C	NotMapped	7384.3445
YDR033W	YDR033W	NotMapped	5005.3951
YDR034C	YDR034C	NotMapped	3413.1809
YDR034C-A	YDR034C-A	NotMapped	333.51544
YDR034W-B	YDR034W-B	NotMapped	2797.7803
YDR038C	YDR038C	NotMapped	75.847561
YDR042C	YDR042C	NotMapped	112.69828
YDR043C	YDR043C	NotMapped	896.93718
YDR046C	YDR046C	NotMapped	239.01159
YDR049W	YDR049W	NotMapped	535.24486
YDR051C	YDR051C	NotMapped	2142.3953
YDR056C	YDR056C	NotMapped	4248.7221
YDR061W	YDR061W	NotMapped	2164.8168
YDR063W	YDR063W	NotMapped	3936.1553
YDR065W	YDR065W	NotMapped	391.06743
YDR066C	YDR066C	NotMapped	452.09303
YDR068W	YDR068W	NotMapped	1441.664
YDR070C	YDR070C	NotMapped	2897.5001
YDR072C	YDR072C	NotMapped	2415.1816
YDR078C	YDR078C	NotMapped	1343.1447
YDR080W	YDR080W	NotMapped	729.04144
YDR081C	YDR081C	NotMapped	1303.3651
YDR084C	YDR084C	NotMapped	2672.1254
YDR085C	YDR085C	NotMapped	417.33703
YDR089W	YDR089W	NotMapped	1354.0485
YDR090C	YDR090C	NotMapped	4821.3717
YDR091C	YDR091C	NotMapped	2152.102
YDR096W	YDR096W	NotMapped	3831.4953
YDR098C	YDR098C	NotMapped	2055.9828
YDR100W	YDR100W	NotMapped	2298.9771
YDR104C	YDR104C	NotMapped	761.60562
YDR105C	YDR105C	NotMapped	2270.2687
YDR108W	YDR108W	NotMapped	857.82506
YDR109C	YDR109C	NotMapped	882.69176
YDR115W	YDR115W	NotMapped	3356.3778
YDR116C	YDR116C	NotMapped	3573.9282
YDR119W	YDR119W	NotMapped	1658.3454
YDR124W	YDR124W	NotMapped	192.71761
YDR125C	YDR125C	NotMapped	397.18934
YDR126W	YDR126W	NotMapped	653.56917
YDR128W	YDR128W	NotMapped	1694.6415
YDR129C	YDR129C	NotMapped	4487.233
YDR131C	YDR131C	NotMapped	491.68149
YDR132C	YDR132C	NotMapped	951.87733
YDR135C	YDR135C	NotMapped	3487.1969
YDR137W	YDR137W	NotMapped	1392.1076
YDR140W	YDR140W	NotMapped	1082.0922
YDR141C	YDR141C	NotMapped	2658.0597
YDR143C	YDR143C	NotMapped	1222.4979
YDR151C	YDR151C	NotMapped	1136.6416
YDR152W	YDR152W	NotMapped	1832.7308
YDR153C	YDR153C	NotMapped	1897.1595
YDR159W	YDR159W	NotMapped	1074.7337
YDR161W	YDR161W	NotMapped	722.5674
YDR162C	YDR162C	NotMapped	768.98307
YDR164C	YDR164C	NotMapped	914.41414
YDR166C	YDR166C	NotMapped	2579.0242
YDR169C	YDR169C	NotMapped	1627.144
YDR169C-A	YDR169C-A	NotMapped	104.43546
YDR174W	YDR174W	NotMapped	6822.5473
YDR179C	YDR179C	NotMapped	537.21757
YDR179W-A	YDR179W-A	NotMapped	711.30876
YDR182W	YDR182W	NotMapped	2386.1618
YDR182W-A	YDR182W-A	NotMapped	195.95311
YDR183W	YDR183W	NotMapped	979.89169
YDR184C	YDR184C	NotMapped	268.89812
YDR185C	YDR185C	NotMapped	322.7425
YDR186C	YDR186C	NotMapped	2074.7002
YDR189W	YDR189W	NotMapped	1565.7307
YDR194W-A	YDR194W-A	NotMapped	91.239616
YDR198C	YDR198C	NotMapped	600.60035
YDR200C	YDR200C	NotMapped	944.44371
YDR202C	YDR202C	NotMapped	1604.5661
YDR204W	YDR204W	NotMapped	2083.8481
YDR210W	YDR210W	NotMapped	2026.8999
YDR213W	YDR213W	NotMapped	305.19711
YDR214W	YDR214W	NotMapped	3555.4729
YDR219C	YDR219C	NotMapped	1065.7458
YDR221W	YDR221W	NotMapped	736.77989
YDR222W	YDR222W	NotMapped	175.24897
YDR223W	YDR223W	NotMapped	253.18297
YDR229W	YDR229W	NotMapped	758.14526
YDR235W	YDR235W	NotMapped	807.44252
YDR239C	YDR239C	NotMapped	951.76207
YDR240C	YDR240C	NotMapped	365.92744
YDR246W	YDR246W	NotMapped	1384.5794
YDR246W-A	YDR246W-A	NotMapped	194.49706
YDR247W	YDR247W	NotMapped	2087.3215
YDR249C	YDR249C	NotMapped	528.7557
YDR251W	YDR251W	NotMapped	2232.0916
YDR252W	YDR252W	NotMapped	368.62598
YDR253C	YDR253C	NotMapped	172.88216
YDR255C	YDR255C	NotMapped	725.2268
YDR257C	YDR257C	NotMapped	506.26979
YDR258C	YDR258C	NotMapped	4656.306
YDR259C	YDR259C	NotMapped	1638.0434
YDR262W	YDR262W	NotMapped	2209.961
YDR263C	YDR263C	NotMapped	407.27358
YDR264C	YDR264C	NotMapped	1711.7872
YDR266C	YDR266C	NotMapped	1125.1263
YDR267C	YDR267C	NotMapped	1022.8614
YDR273W	YDR273W	NotMapped	299.78926
YDR275W	YDR275W	NotMapped	2389.6622
YDR276C	YDR276C	NotMapped	9684.8675
YDR277C	YDR277C	NotMapped	4283.9975
YDR279W	YDR279W	NotMapped	573.17601
YDR281C	YDR281C	NotMapped	201.38722
YDR282C	YDR282C	NotMapped	899.91772
YDR286C	YDR286C	NotMapped	1034.9286
YDR288W	YDR288W	NotMapped	632.99615
YDR291W	YDR291W	NotMapped	760.82771
YDR295C	YDR295C	NotMapped	1159.9338
YDR296W	YDR296W	NotMapped	3586.9664
YDR306C	YDR306C	NotMapped	2471.781
YDR309C	YDR309C	NotMapped	1698.5971
YDR313C	YDR313C	NotMapped	1495.6642
YDR314C	YDR314C	NotMapped	237.40614
YDR315C	YDR315C	NotMapped	410.60667
YDR317W	YDR317W	NotMapped	126.82783
YDR319C	YDR319C	NotMapped	1255.5731
YDR320C	YDR320C	NotMapped	968.52352
YDR323C	YDR323C	NotMapped	470.38051
YDR326C	YDR326C	NotMapped	2122.194
YDR330W	YDR330W	NotMapped	947.70004
YDR333C	YDR333C	NotMapped	1027.5781
YDR336W	YDR336W	NotMapped	715.65923
YDR338C	YDR338C	NotMapped	773.69954
YDR346C	YDR346C	NotMapped	729.54817
YDR348C	YDR348C	NotMapped	898.76193
YDR349C	YDR349C	NotMapped	1324.7268
YDR351W	YDR351W	NotMapped	1516.9247
YDR352W	YDR352W	NotMapped	521.75274
YDR357C	YDR357C	NotMapped	1060.397
YDR358W	YDR358W	NotMapped	909.91904
YDR363W	YDR363W	NotMapped	627.39725
YDR365C	YDR365C	NotMapped	288.95752
YDR366C	YDR366C	NotMapped	258.45092
YDR367W	YDR367W	NotMapped	2466.9922
YDR368W	YDR368W	NotMapped	4138.7151
YDR370C	YDR370C	NotMapped	695.58066
YDR372C	YDR372C	NotMapped	1604.6617
YDR373W	YDR373W	NotMapped	2999.3412
YDR374C	YDR374C	NotMapped	94.993285
YDR379C-A	YDR379C-A	NotMapped	3109.5829
YDR379W	YDR379W	NotMapped	1998.7458
YDR381C-A	YDR381C-A	NotMapped	2286.7202
YDR383C	YDR383C	NotMapped	415.23316
YDR384C	YDR384C	NotMapped	579.55542
YDR387C	YDR387C	NotMapped	1316.4315
YDR388W	YDR388W	NotMapped	4810.4972
YDR389W	YDR389W	NotMapped	1891.1253
YDR391C	YDR391C	NotMapped	452.05949
YDR395W	YDR395W	NotMapped	1649.8863
YDR397C	YDR397C	NotMapped	4034.3928
YDR399W	YDR399W	NotMapped	4053.1686
YDR403W	YDR403W	NotMapped	208.02355
YDR406W	YDR406W	NotMapped	2070.2211
YDR407C	YDR407C	NotMapped	1369.0808
YDR414C	YDR414C	NotMapped	825.56632
YDR415C	YDR415C	NotMapped	1016.1474
YDR420W	YDR420W	NotMapped	2774.3627
YDR421W	YDR421W	NotMapped	543.76892
YDR422C	YDR422C	NotMapped	1580.519
YDR425W	YDR425W	NotMapped	884.49315
YDR430C	YDR430C	NotMapped	1247.1209
YDR435C	YDR435C	NotMapped	2355.0367
YDR444W	YDR444W	NotMapped	1262.3224
YDR446W	YDR446W	NotMapped	101.52806
YDR458C	YDR458C	NotMapped	1227.6234
YDR459C	YDR459C	NotMapped	810.39294
YDR463W	YDR463W	NotMapped	1138.9319
YDR464W	YDR464W	NotMapped	1304.6532
YDR466W	YDR466W	NotMapped	2284.5178
YDR472W	YDR472W	NotMapped	841.72007
YDR475C	YDR475C	NotMapped	1571.7418
YDR476C	YDR476C	NotMapped	2731.4136
YDR479C	YDR479C	NotMapped	1358.6232
YDR482C	YDR482C	NotMapped	450.26579
YDR484W	YDR484W	NotMapped	839.24614
YDR490C	YDR490C	NotMapped	1061.4486
YDR492W	YDR492W	NotMapped	3644.6565
YDR493W	YDR493W	NotMapped	1809.0969
YDR494W	YDR494W	NotMapped	3503.3484
YDR495C	YDR495C	NotMapped	601.45374
YDR501W	YDR501W	NotMapped	418.44414
YDR503C	YDR503C	NotMapped	333.98748
YDR504C	YDR504C	NotMapped	3295.6295
YDR505C	YDR505C	NotMapped	2963.9671
YDR506C	YDR506C	NotMapped	471.9086
YDR511W	YDR511W	NotMapped	3190.1246
YDR512C	YDR512C	NotMapped	626.03111
YDR513W	YDR513W	NotMapped	9191.1326
YDR514C	YDR514C	NotMapped	470.05467
YDR515W	YDR515W	NotMapped	426.55767
YDR517W	YDR517W	NotMapped	4058.1096
YDR520C	YDR520C	NotMapped	453.22065
YDR522C	YDR522C	NotMapped	101.50642
YDR524C	YDR524C	NotMapped	763.0522
YDR524C-B	YDR524C-B	NotMapped	15094.285
YDR524W-C	YDR524W-C	NotMapped	204.42992
YDR525W-A	YDR525W-A	NotMapped	5385.3343
YDR527W	YDR527W	NotMapped	739.73798
YDR528W	YDR528W	NotMapped	481.27809
YDR533C	YDR533C	NotMapped	5669.8889
YDR536W	YDR536W	NotMapped	3483.9047
YDR539W	YDR539W	NotMapped	1442.5014
YDR540C	YDR540C	NotMapped	262.11983
YDR541C	YDR541C	NotMapped	146.43613
YEL001C	YEL001C	NotMapped	2422.2903
YEL005C	YEL005C	NotMapped	1262.9216
YEL007W	YEL007W	NotMapped	2998.923
YEL016C	YEL016C	NotMapped	584.94025
YEL017C-A	YEL017C-A	NotMapped	4669.5912
YEL017W	YEL017W	NotMapped	2439.106
YEL019C	YEL019C	NotMapped	171.23815
YEL023C	YEL023C	NotMapped	351.42653
YEL025C	YEL025C	NotMapped	1085.9623
YEL030W	YEL030W	NotMapped	290.52063
YEL035C	YEL035C	NotMapped	322.33704
YEL041W	YEL041W	NotMapped	1537.1907
YEL043W	YEL043W	NotMapped	1638.5081
YEL048C	YEL048C	NotMapped	346.7892
YEL050C	YEL050C	NotMapped	4150.1727
YEL053C	YEL053C	NotMapped	855.5795
YEL057C	YEL057C	NotMapped	4705.3533
YEL061C	YEL061C	NotMapped	1598.9174
YEL062W	YEL062W	NotMapped	1298.0527
YEL066W	YEL066W	NotMapped	2607.58
YEL071W	YEL071W	NotMapped	4708.7108
YEL072W	YEL072W	NotMapped	284.17685
YEL073C	YEL073C	NotMapped	1067.4295
YER004W	YER004W	NotMapped	2160.0402
YER007C-A	YER007C-A	NotMapped	3518.758
YER007W	YER007W	NotMapped	481.6861
YER008C	YER008C	NotMapped	2737.2518
YER009W	YER009W	NotMapped	6938.7124
YER010C	YER010C	NotMapped	1967.6431
YER014C-A	YER014C-A	NotMapped	96.091528
YER019W	YER019W	NotMapped	1701.3713
YER024W	YER024W	NotMapped	6872.0333
YER027C	YER027C	NotMapped	1328.8413
YER030W	YER030W	NotMapped	2656.1094
YER032W	YER032W	NotMapped	1157.4944
YER033C	YER033C	NotMapped	560.69941
YER034W	YER034W	NotMapped	429.03077
YER037W	YER037W	NotMapped	130.95855
YER038C	YER038C	NotMapped	158.03119
YER039C-A	YER039C-A	NotMapped	326.4027
YER044C	YER044C	NotMapped	10414.033
YER044C-A	YER044C-A	NotMapped	96.593997
YER045C	YER045C	NotMapped	4752.7168
YER046W	YER046W	NotMapped	2510.4056
YER047C	YER047C	NotMapped	589.83233
YER048C	YER048C	NotMapped	2794.8395
YER048W-A	YER048W-A	NotMapped	1553.054
YER049W	YER049W	NotMapped	1807.1763
YER053C-A	YER053C-A	NotMapped	5390.3947
YER054C	YER054C	NotMapped	296.3673
YER056C	YER056C	NotMapped	3534.2661
YER057C	YER057C	NotMapped	5768.3575
YER059W	YER059W	NotMapped	1171.4904
YER060W	YER060W	NotMapped	140.7435
YER060W-A	YER060W-A	NotMapped	196.75023
YER064C	YER064C	NotMapped	1363.44
YER066W	YER066W	NotMapped	823.10907
YER067W	YER067W	NotMapped	9817.8999
YER071C	YER071C	NotMapped	690.16625
YER072W	YER072W	NotMapped	3691.2145
YER074W-A	YER074W-A	NotMapped	2126.6072
YER076C	YER076C	NotMapped	304.27062
YER077C	YER077C	NotMapped	661.64278
YER078W-A	YER078W-A	NotMapped	176.72623
YER079W	YER079W	NotMapped	2740.7392
YER080W	YER080W	NotMapped	2816.2864
YER083C	YER083C	NotMapped	1790.6112
YER085C	YER085C	NotMapped	91.138449
YER088C	YER088C	NotMapped	1835.2197
YER093C	YER093C	NotMapped	679.12106
YER093C-A	YER093C-A	NotMapped	802.07784
YER096W	YER096W	NotMapped	254.2344
YER101C	YER101C	NotMapped	1076.4332
YER104W	YER104W	NotMapped	509.98963
YER109C	YER109C	NotMapped	1887.9403
YER110C	YER110C	NotMapped	1800.8215
YER114C	YER114C	NotMapped	1685.4299
YER115C	YER115C	NotMapped	1058.1212
YER116C	YER116C	NotMapped	434.391
YER119C	YER119C	NotMapped	1811.3082
YER120W	YER120W	NotMapped	8423.8263
YER124C	YER124C	NotMapped	1870.4138
YER128W	YER128W	NotMapped	548.3142
YER130C	YER130C	NotMapped	693.27645
YER132C	YER132C	NotMapped	593.02842
YER134C	YER134C	NotMapped	1355.0215
YER137C	YER137C	NotMapped	1092.247
YER139C	YER139C	NotMapped	1135.7081
YER140W	YER140W	NotMapped	732.59944
YER149C	YER149C	NotMapped	884.59947
YER152C	YER152C	NotMapped	2700.9183
YER155C	YER155C	NotMapped	2162.3106
YER156C	YER156C	NotMapped	2417.409
YER157W	YER157W	NotMapped	894.94893
YER158C	YER158C	NotMapped	3151.7238
YER159C	YER159C	NotMapped	3393.4873
YER163C	YER163C	NotMapped	1575.4523
YER167W	YER167W	NotMapped	3109.1812
YER169W	YER169W	NotMapped	1472.502
YER174C	YER174C	NotMapped	2941.0763
YER175C	YER175C	NotMapped	4738.2463
YER175W-A	YER175W-A	NotMapped	81.00709
YER176W	YER176W	NotMapped	1074.2153
YER180C	YER180C	NotMapped	738.89771
YER180C-A	YER180C-A	NotMapped	144.00606
YER182W	YER182W	NotMapped	2108.5627
YER184C	YER184C	NotMapped	292.08928
YER185W	YER185W	NotMapped	221.01844
YER186C	YER186C	NotMapped	1360.0457
YER187W	YER187W	NotMapped	98.95202
YER188C-A	YER188C-A	NotMapped	166.17906
YFL004W	YFL004W	NotMapped	2390.743
YFL010C	YFL010C	NotMapped	759.09569
YFL010W-A	YFL010W-A	NotMapped	147.57415
YFL012W	YFL012W	NotMapped	89.69208
YFL020C	YFL020C	NotMapped	496.63994
YFL027C	YFL027C	NotMapped	1005.9243
YFL034C-B	YFL034C-B	NotMapped	643.38033
YFL034W	YFL034W	NotMapped	563.33198
YFL040W	YFL040W	NotMapped	110.56445
YFL041W	YFL041W	NotMapped	2402.4209
YFL041W-A	YFL041W-A	NotMapped	468.04975
YFL042C	YFL042C	NotMapped	2979.934
YFL046W	YFL046W	NotMapped	1060.0407
YFL047W	YFL047W	NotMapped	664.75899
YFL048C	YFL048C	NotMapped	1440.3219
YFL051C	YFL051C	NotMapped	304.01583
YFL052W	YFL052W	NotMapped	2056.5995
YFL054C	YFL054C	NotMapped	1111.9724
YFL056C	YFL056C	NotMapped	295.97242
YFL067W	YFL067W	NotMapped	134.3233
YFL068W	YFL068W	NotMapped	197.32691
YFR006W	YFR006W	NotMapped	2804.9223
YFR007W	YFR007W	NotMapped	1679.2357
YFR008W	YFR008W	NotMapped	406.28519
YFR012W	YFR012W	NotMapped	95.017009
YFR012W-A	YFR012W-A	NotMapped	110.04821
YFR013W	YFR013W	NotMapped	667.89166
YFR016C	YFR016C	NotMapped	790.47118
YFR017C	YFR017C	NotMapped	1425.1743
YFR018C	YFR018C	NotMapped	1212.6754
YFR022W	YFR022W	NotMapped	169.01586
YFR023W	YFR023W	NotMapped	97.93805
YFR024C-A	YFR024C-A	NotMapped	2970.1944
YFR026C	YFR026C	NotMapped	222.89569
YFR029W	YFR029W	NotMapped	1111.3248
YFR032C	YFR032C	NotMapped	114.82379
YFR032C-B	YFR032C-B	NotMapped	183.37433
YFR035C	YFR035C	NotMapped	164.85652
YFR038W	YFR038W	NotMapped	1085.6521
YFR039C	YFR039C	NotMapped	1127.9428
YFR041C	YFR041C	NotMapped	922.47691
YFR042W	YFR042W	NotMapped	903.01981
YFR043C	YFR043C	NotMapped	1226.768
YFR045W	YFR045W	NotMapped	883.83768
YFR046C	YFR046C	NotMapped	536.77116
YFR048W	YFR048W	NotMapped	1014.8878
YFR051C	YFR051C	NotMapped	2761.6178
YFR057W	YFR057W	NotMapped	89.838539
YGL002W	YGL002W	NotMapped	954.29668
YGL005C	YGL005C	NotMapped	1176.7291
YGL006W-A	YGL006W-A	NotMapped	112.71033
YGL007C-A	YGL007C-A	NotMapped	159.59017
YGL010W	YGL010W	NotMapped	680.60536
YGL013C	YGL013C	NotMapped	2883.2689
YGL014W	YGL014W	NotMapped	2250.1409
YGL015C	YGL015C	NotMapped	106.76316
YGL016W	YGL016W	NotMapped	779.03797
YGL020C	YGL020C	NotMapped	1641.7266
YGL021W	YGL021W	NotMapped	2218.5557
YGL023C	YGL023C	NotMapped	1731.1118
YGL032C	YGL032C	NotMapped	233.7359
YGL033W	YGL033W	NotMapped	104.44274
YGL036W	YGL036W	NotMapped	563.46654
YGL039W	YGL039W	NotMapped	998.62822
YGL041C-B	YGL041C-B	NotMapped	110.68649
YGL045W	YGL045W	NotMapped	2145.5135
YGL051W	YGL051W	NotMapped	79.622078
YGL053W	YGL053W	NotMapped	466.27886
YGL054C	YGL054C	NotMapped	3864.1095
YGL056C	YGL056C	NotMapped	2280.6946
YGL057C	YGL057C	NotMapped	1247.0741
YGL059W	YGL059W	NotMapped	1126.6718
YGL060W	YGL060W	NotMapped	784.15282
YGL067W	YGL067W	NotMapped	2032.5631
YGL071W	YGL071W	NotMapped	1992.3323
YGL077C	YGL077C	NotMapped	6284.3789
YGL079W	YGL079W	NotMapped	1078.971
YGL080W	YGL080W	NotMapped	2248.942
YGL081W	YGL081W	NotMapped	189.03962
YGL082W	YGL082W	NotMapped	1334.3676
YGL084C	YGL084C	NotMapped	2797.4793
YGL085W	YGL085W	NotMapped	790.33137
YGL091C	YGL091C	NotMapped	1105.448
YGL095C	YGL095C	NotMapped	1024.1299
YGL096W	YGL096W	NotMapped	1619.3448
YGL101W	YGL101W	NotMapped	2824.6473
YGL104C	YGL104C	NotMapped	643.32692
YGL106W	YGL106W	NotMapped	2066.3333
YGL107C	YGL107C	NotMapped	1872.1138
YGL108C	YGL108C	NotMapped	863.82186
YGL110C	YGL110C	NotMapped	820.15983
YGL114W	YGL114W	NotMapped	1263.9943
YGL115W	YGL115W	NotMapped	3392.4248
YGL117W	YGL117W	NotMapped	3230.3808
YGL121C	YGL121C	NotMapped	1857.4105
YGL122C	YGL122C	NotMapped	2715.2825
YGL124C	YGL124C	NotMapped	732.8551
YGL126W	YGL126W	NotMapped	1229.9928
YGL128C	YGL128C	NotMapped	591.15865
YGL131C	YGL131C	NotMapped	861.44394
YGL133W	YGL133W	NotMapped	711.74288
YGL134W	YGL134W	NotMapped	3596.1084
YGL138C	YGL138C	NotMapped	80.790314
YGL139W	YGL139W	NotMapped	2024.4021
YGL140C	YGL140C	NotMapped	1556.1197
YGL144C	YGL144C	NotMapped	572.57869
YGL145W	YGL145W	NotMapped	683.94729
YGL146C	YGL146C	NotMapped	940.39267
YGL157W	YGL157W	NotMapped	314.2672
YGL159W	YGL159W	NotMapped	1106.6604
YGL160W	YGL160W	NotMapped	1815.698
YGL161C	YGL161C	NotMapped	4584.8621
YGL162W	YGL162W	NotMapped	311.39807
YGL164C	YGL164C	NotMapped	814.68439
YGL168W	YGL168W	NotMapped	170.21768
YGL170C	YGL170C	NotMapped	151.18689
YGL175C	YGL175C	NotMapped	199.23553
YGL176C	YGL176C	NotMapped	581.14503
YGL178W	YGL178W	NotMapped	1607.8412
YGL181W	YGL181W	NotMapped	1278.7849
YGL183C	YGL183C	NotMapped	96.373065
YGL185C	YGL185C	NotMapped	318.71931
YGL186C	YGL186C	NotMapped	970.31311
YGL188C-A	YGL188C-A	NotMapped	71.644812
YGL192W	YGL192W	NotMapped	812.08669
YGL195W	YGL195W	NotMapped	1484.0861
YGL196W	YGL196W	NotMapped	2377.9065
YGL197W	YGL197W	NotMapped	3500.0038
YGL198W	YGL198W	NotMapped	3226.4146
YGL200C	YGL200C	NotMapped	6414.7811
YGL207W	YGL207W	NotMapped	2099.0361
YGL208W	YGL208W	NotMapped	1196.717
YGL215W	YGL215W	NotMapped	4869.0881
YGL220W	YGL220W	NotMapped	1444.9718
YGL221C	YGL221C	NotMapped	3152.4348
YGL223C	YGL223C	NotMapped	1256.6804
YGL226W	YGL226W	NotMapped	916.64106
YGL227W	YGL227W	NotMapped	1253.2134
YGL228W	YGL228W	NotMapped	2228.6731
YGL229C	YGL229C	NotMapped	487.40848
YGL230C	YGL230C	NotMapped	147.07313
YGL231C	YGL231C	NotMapped	2545.0586
YGL233W	YGL233W	NotMapped	1652.6403
YGL235W	YGL235W	NotMapped	125.97595
YGL237C	YGL237C	NotMapped	1436.8487
YGL241W	YGL241W	NotMapped	1024.7507
YGL242C	YGL242C	NotMapped	1259.9137
YGL247W	YGL247W	NotMapped	898.48696
YGL249W	YGL249W	NotMapped	103.52315
YGL250W	YGL250W	NotMapped	1199.5082
YGL254W	YGL254W	NotMapped	665.68368
YGL258W	YGL258W	NotMapped	91.849425
YGL258W-A	YGL258W-A	NotMapped	184.85993
YGL259W	YGL259W	NotMapped	117.17144
YGL262W	YGL262W	NotMapped	381.08604
YGL263W	YGL263W	NotMapped	209.85517
YGR001C	YGR001C	NotMapped	2433.7586
YGR004W	YGR004W	NotMapped	481.30598
YGR008C	YGR008C	NotMapped	4512.4767
YGR009C	YGR009C	NotMapped	1938.4462
YGR013W	YGR013W	NotMapped	728.12939
YGR014W	YGR014W	NotMapped	3648.5643
YGR015C	YGR015C	NotMapped	753.57633
YGR016W	YGR016W	NotMapped	412.02018
YGR017W	YGR017W	NotMapped	2042.741
YGR021W	YGR021W	NotMapped	1180.8444
YGR023W	YGR023W	NotMapped	435.63291
YGR026W	YGR026W	NotMapped	2677.7574
YGR028W	YGR028W	NotMapped	1894.455
YGR031W	YGR031W	NotMapped	2305.3374
YGR035C	YGR035C	NotMapped	219.32331
YGR035W-A	YGR035W-A	NotMapped	138.41908
YGR037C	YGR037C	NotMapped	10986.398
YGR038W	YGR038W	NotMapped	2943.8115
YGR041W	YGR041W	NotMapped	1938.5921
YGR042W	YGR042W	NotMapped	474.19343
YGR049W	YGR049W	NotMapped	4091.1497
YGR053C	YGR053C	NotMapped	450.74722
YGR054W	YGR054W	NotMapped	1238.9639
YGR055W	YGR055W	NotMapped	296.16839
YGR057C	YGR057C	NotMapped	1331.7069
YGR058W	YGR058W	NotMapped	853.04942
YGR065C	YGR065C	NotMapped	15188.613
YGR066C	YGR066C	NotMapped	200.88656
YGR067C	YGR067C	NotMapped	871.45201
YGR068C	YGR068C	NotMapped	495.89149
YGR070W	YGR070W	NotMapped	911.00325
YGR071C	YGR071C	NotMapped	814.32669
YGR077C	YGR077C	NotMapped	1753.6708
YGR078C	YGR078C	NotMapped	1132.0779
YGR079W	YGR079W	NotMapped	1769.6223
YGR080W	YGR080W	NotMapped	1576.6049
YGR084C	YGR084C	NotMapped	2783.3277
YGR086C	YGR086C	NotMapped	14217.671
YGR089W	YGR089W	NotMapped	827.40501
YGR093W	YGR093W	NotMapped	1128.2453
YGR097W	YGR097W	NotMapped	1180.7534
YGR100W	YGR100W	NotMapped	1120.8106
YGR102C	YGR102C	NotMapped	2168.9365
YGR105W	YGR105W	NotMapped	2144.7027
YGR106C	YGR106C	NotMapped	4175.3504
YGR111W	YGR111W	NotMapped	1637.2721
YGR117C	YGR117C	NotMapped	338.31175
YGR120C	YGR120C	NotMapped	688.46569
YGR121W-A	YGR121W-A	NotMapped	138.66388
YGR122W	YGR122W	NotMapped	465.42848
YGR125W	YGR125W	NotMapped	3189.2356
YGR126W	YGR126W	NotMapped	299.97637
YGR127W	YGR127W	NotMapped	954.9643
YGR130C	YGR130C	NotMapped	3965.7645
YGR131W	YGR131W	NotMapped	279.21697
YGR134W	YGR134W	NotMapped	1277.4737
YGR136W	YGR136W	NotMapped	1758.7401
YGR138C	YGR138C	NotMapped	1334.8466
YGR141W	YGR141W	NotMapped	1768.6372
YGR142W	YGR142W	NotMapped	593.01603
YGR143W	YGR143W	NotMapped	3923.4718
YGR146C	YGR146C	NotMapped	1149.1312
YGR146C-A	YGR146C-A	NotMapped	116.95934
YGR149W	YGR149W	NotMapped	1993.0661
YGR150C	YGR150C	NotMapped	739.12066
YGR153W	YGR153W	NotMapped	258.04507
YGR154C	YGR154C	NotMapped	174.89782
YGR161C	YGR161C	NotMapped	990.08816
YGR163W	YGR163W	NotMapped	1437.5553
YGR165W	YGR165W	NotMapped	1387.2507
YGR166W	YGR166W	NotMapped	629.36897
YGR167W	YGR167W	NotMapped	2930.2951
YGR168C	YGR168C	NotMapped	536.44184
YGR169C-A	YGR169C-A	NotMapped	472.11063
YGR172C	YGR172C	NotMapped	2025.4038
YGR173W	YGR173W	NotMapped	956.11684
YGR174C	YGR174C	NotMapped	1328.8314
YGR174W-A	YGR174W-A	NotMapped	87.201256
YGR178C	YGR178C	NotMapped	3284.861
YGR187C	YGR187C	NotMapped	659.83321
YGR193C	YGR193C	NotMapped	2311.6866
YGR196C	YGR196C	NotMapped	699.75279
YGR197C	YGR197C	NotMapped	2198.3932
YGR198W	YGR198W	NotMapped	2550.3479
YGR201C	YGR201C	NotMapped	389.87026
YGR204C-A	YGR204C-A	NotMapped	114.95931
YGR210C	YGR210C	NotMapped	1590.1754
YGR211W	YGR211W	NotMapped	1819.0837
YGR212W	YGR212W	NotMapped	474.5905
YGR213C	YGR213C	NotMapped	130.13543
YGR215W	YGR215W	NotMapped	2041.0262
YGR217W	YGR217W	NotMapped	1152.3227
YGR221C	YGR221C	NotMapped	868.97704
YGR223C	YGR223C	NotMapped	784.44032
YGR224W	YGR224W	NotMapped	106.32258
YGR229C	YGR229C	NotMapped	1152.1901
YGR230W	YGR230W	NotMapped	648.62625
YGR236C	YGR236C	NotMapped	379.82728
YGR237C	YGR237C	NotMapped	982.02579
YGR238C	YGR238C	NotMapped	1293.4273
YGR239C	YGR239C	NotMapped	605.98157
YGR240C-A	YGR240C-A	NotMapped	151.82294
YGR241C	YGR241C	NotMapped	1508.2818
YGR243W	YGR243W	NotMapped	11655.029
YGR249W	YGR249W	NotMapped	424.81928
YGR250C	YGR250C	NotMapped	1769.0672
YGR251W	YGR251W	NotMapped	582.34062
YGR260W	YGR260W	NotMapped	3675.0883
YGR261C	YGR261C	NotMapped	646.8048
YGR263C	YGR263C	NotMapped	643.18263
YGR266W	YGR266W	NotMapped	1216.4193
YGR268C	YGR268C	NotMapped	1455.6115
YGR270W	YGR270W	NotMapped	2283.948
YGR271C-A	YGR271C-A	NotMapped	490.77491
YGR273C	YGR273C	NotMapped	93.568333
YGR275W	YGR275W	NotMapped	1656.5402
YGR281W	YGR281W	NotMapped	3525.0525
YGR283C	YGR283C	NotMapped	372.32601
YGR284C	YGR284C	NotMapped	2749.1658
YGR288W	YGR288W	NotMapped	822.43795
YGR295C	YGR295C	NotMapped	114.88367
YHL006C	YHL006C	NotMapped	292.56436
YHL008C	YHL008C	NotMapped	613.93682
YHL009C	YHL009C	NotMapped	489.24335
YHL012W	YHL012W	NotMapped	105.38771
YHL014C	YHL014C	NotMapped	725.75747
YHL015W-A	YHL015W-A	NotMapped	88.699743
YHL016C	YHL016C	NotMapped	1434.6096
YHL017W	YHL017W	NotMapped	822.10017
YHL018W	YHL018W	NotMapped	252.67568
YHL019C	YHL019C	NotMapped	1091.5783
YHL021C	YHL021C	NotMapped	4324.615
YHL023C	YHL023C	NotMapped	1031.4987
YHL024W	YHL024W	NotMapped	2904.5036
YHL026C	YHL026C	NotMapped	940.00115
YHL027W	YHL027W	NotMapped	2378.7411
YHL028W	YHL028W	NotMapped	1492.4938
YHL029C	YHL029C	NotMapped	1878.1805
YHL034C	YHL034C	NotMapped	5200.8362
YHL035C	YHL035C	NotMapped	1609.2518
YHL036W	YHL036W	NotMapped	539.24312
YHL039W	YHL039W	NotMapped	2365.3396
YHL042W	YHL042W	NotMapped	119.08776
YHL043W	YHL043W	NotMapped	108.65978
YHL044W	YHL044W	NotMapped	95.749087
YHL048C-A	YHL048C-A	NotMapped	98.671104
YHL048W	YHL048W	NotMapped	207.69384
YHR001W	YHR001W	NotMapped	1646.7558
YHR003C	YHR003C	NotMapped	1208.9451
YHR006W	YHR006W	NotMapped	1978.5748
YHR007C-A	YHR007C-A	NotMapped	141.55741
YHR009C	YHR009C	NotMapped	5089.9762
YHR012W	YHR012W	NotMapped	1723.7419
YHR014W	YHR014W	NotMapped	125.66494
YHR015W	YHR015W	NotMapped	304.39057
YHR016C	YHR016C	NotMapped	1471.7807
YHR017W	YHR017W	NotMapped	1450.239
YHR021W-A	YHR021W-A	NotMapped	87.081844
YHR022C	YHR022C	NotMapped	93.951786
YHR022C-A	YHR022C-A	NotMapped	98.547411
YHR029C	YHR029C	NotMapped	1612.353
YHR033W	YHR033W	NotMapped	2018.2148
YHR034C	YHR034C	NotMapped	612.14729
YHR035W	YHR035W	NotMapped	285.52699
YHR036W	YHR036W	NotMapped	730.50889
YHR039C	YHR039C	NotMapped	3421.0766
YHR040W	YHR040W	NotMapped	397.98577
YHR041C	YHR041C	NotMapped	1945.6182
YHR045W	YHR045W	NotMapped	1073.298
YHR047C	YHR047C	NotMapped	827.38691
YHR048W	YHR048W	NotMapped	218.37179
YHR049W	YHR049W	NotMapped	6545.9921
YHR050W-A	YHR050W-A	NotMapped	358.34149
YHR059W	YHR059W	NotMapped	1088.7521
YHR060W	YHR060W	NotMapped	1130.4076
YHR061C	YHR061C	NotMapped	1308.0559
YHR067W	YHR067W	NotMapped	733.45484
YHR071W	YHR071W	NotMapped	1919.4339
YHR073W	YHR073W	NotMapped	1723.5326
YHR076W	YHR076W	NotMapped	2258.3391
YHR078W	YHR078W	NotMapped	1140.3608
YHR079C-A	YHR079C-A	NotMapped	73.195607
YHR080C	YHR080C	NotMapped	1800.2379
YHR086W	YHR086W	NotMapped	2185.313
YHR086W-A	YHR086W-A	NotMapped	117.20091
YHR087W	YHR087W	NotMapped	1093.7982
YHR097C	YHR097C	NotMapped	766.21734
YHR098C	YHR098C	NotMapped	2991.3959
YHR101C	YHR101C	NotMapped	794.95358
YHR103W	YHR103W	NotMapped	1619.2961
YHR105W	YHR105W	NotMapped	221.91958
YHR108W	YHR108W	NotMapped	1920.6608
YHR109W	YHR109W	NotMapped	637.47107
YHR110W	YHR110W	NotMapped	2485.4339
YHR112C	YHR112C	NotMapped	2375.4
YHR114W	YHR114W	NotMapped	991.85269
YHR115C	YHR115C	NotMapped	1344.4674
YHR117W	YHR117W	NotMapped	1920.3951
YHR120W	YHR120W	NotMapped	657.36223
YHR121W	YHR121W	NotMapped	3113.4835
YHR122W	YHR122W	NotMapped	1917.2936
YHR127W	YHR127W	NotMapped	488.76467
YHR131C	YHR131C	NotMapped	1210.7458
YHR132W-A	YHR132W-A	NotMapped	3159.2182
YHR133C	YHR133C	NotMapped	1389.8834
YHR134W	YHR134W	NotMapped	315.15344
YHR136C	YHR136C	NotMapped	139.27311
YHR138C	YHR138C	NotMapped	1608.099
YHR139C	YHR139C	NotMapped	188.69236
YHR140W	YHR140W	NotMapped	807.69115
YHR142W	YHR142W	NotMapped	1502.874
YHR146W	YHR146W	NotMapped	1681.3808
YHR149C	YHR149C	NotMapped	1206.8834
YHR150W	YHR150W	NotMapped	997.89253
YHR151C	YHR151C	NotMapped	816.37294
YHR153C	YHR153C	NotMapped	353.14205
YHR154W	YHR154W	NotMapped	608.1679
YHR155W	YHR155W	NotMapped	1432.5458
YHR157W	YHR157W	NotMapped	236.56014
YHR158C	YHR158C	NotMapped	1818.1618
YHR159W	YHR159W	NotMapped	382.26413
YHR160C	YHR160C	NotMapped	158.81881
YHR161C	YHR161C	NotMapped	1626.3618
YHR162W	YHR162W	NotMapped	14845.204
YHR168W	YHR168W	NotMapped	558.26717
YHR175W-A	YHR175W-A	NotMapped	1475.3713
YHR176W	YHR176W	NotMapped	864.44369
YHR177W	YHR177W	NotMapped	221.38376
YHR178W	YHR178W	NotMapped	1138.5992
YHR181W	YHR181W	NotMapped	2193.9522
YHR182W	YHR182W	NotMapped	559.67884
YHR185C	YHR185C	NotMapped	92.484959
YHR186C	YHR186C	NotMapped	2225.1863
YHR192W	YHR192W	NotMapped	1173.4453
YHR195W	YHR195W	NotMapped	1064.3177
YHR198C	YHR198C	NotMapped	2411.6176
YHR199C	YHR199C	NotMapped	2812.7141
YHR199C-A	YHR199C-A	NotMapped	277.45887
YHR202W	YHR202W	NotMapped	1751.7411
YHR204W	YHR204W	NotMapped	1008.2273
YHR207C	YHR207C	NotMapped	964.08768
YHR209W	YHR209W	NotMapped	1756.4249
YHR210C	YHR210C	NotMapped	294.41631
YHR212W-A	YHR212W-A	NotMapped	122.6723
YHR213W	YHR213W	NotMapped	86.265618
YHR213W-A	YHR213W-A	NotMapped	212.68613
YHR214C-D	YHR214C-D	NotMapped	127.42342
YHR214C-E	YHR214C-E	NotMapped	106.61128
YIL001W	YIL001W	NotMapped	946.57603
YIL002C	YIL002C	NotMapped	1245.4493
YIL002W-A	YIL002W-A	NotMapped	1476.8132
YIL003W	YIL003W	NotMapped	687.1596
YIL013C	YIL013C	NotMapped	527.26754
YIL014C-A	YIL014C-A	NotMapped	1609.3316
YIL017C	YIL017C	NotMapped	1109.4348
YIL019W	YIL019W	NotMapped	452.00411
YIL024C	YIL024C	NotMapped	875.10847
YIL027C	YIL027C	NotMapped	3520.2862
YIL029C	YIL029C	NotMapped	93.340115
YIL033C	YIL033C	NotMapped	2986.9893
YIL036W	YIL036W	NotMapped	1493.0547
YIL037C	YIL037C	NotMapped	120.16188
YIL039W	YIL039W	NotMapped	3082.9077
YIL040W	YIL040W	NotMapped	1817.1569
YIL041W	YIL041W	NotMapped	4836.0014
YIL042C	YIL042C	NotMapped	1980.114
YIL045W	YIL045W	NotMapped	501.16349
YIL046W-A	YIL046W-A	NotMapped	123.56278
YIL047C	YIL047C	NotMapped	5695.7823
YIL050W	YIL050W	NotMapped	2076.4428
YIL055C	YIL055C	NotMapped	1381.0847
YIL056W	YIL056W	NotMapped	2363.1634
YIL057C	YIL057C	NotMapped	12230.479
YIL060W	YIL060W	NotMapped	153.22046
YIL063C	YIL063C	NotMapped	1244.4308
YIL064W	YIL064W	NotMapped	1302.2424
YIL067C	YIL067C	NotMapped	1122.8756
YIL068C	YIL068C	NotMapped	2138.4195
YIL070C	YIL070C	NotMapped	5360.0215
YIL071C	YIL071C	NotMapped	264.42189
YIL073C	YIL073C	NotMapped	159.03772
YIL077C	YIL077C	NotMapped	2217.9034
YIL084C	YIL084C	NotMapped	282.1389
YIL087C	YIL087C	NotMapped	2386.8094
YIL088C	YIL088C	NotMapped	3466.4284
YIL089W	YIL089W	NotMapped	305.18427
YIL090W	YIL090W	NotMapped	2279.0529
YIL092W	YIL092W	NotMapped	432.06186
YIL096C	YIL096C	NotMapped	336.58918
YIL101C	YIL101C	NotMapped	323.14599
YIL102C	YIL102C	NotMapped	89.05923
YIL105C	YIL105C	NotMapped	1893.3265
YIL108W	YIL108W	NotMapped	1946.6156
YIL110W	YIL110W	NotMapped	1107.4834
YIL112W	YIL112W	NotMapped	727.79438
YIL114C	YIL114C	NotMapped	701.83763
YIL117C	YIL117C	NotMapped	156.21046
YIL119C	YIL119C	NotMapped	2280.8126
YIL120W	YIL120W	NotMapped	347.46623
YIL121W	YIL121W	NotMapped	1817.2677
YIL122W	YIL122W	NotMapped	519.99761
YIL127C	YIL127C	NotMapped	543.07477
YIL129C	YIL129C	NotMapped	3073.5317
YIL130W	YIL130W	NotMapped	1358.9495
YIL131C	YIL131C	NotMapped	480.00084
YIL132C	YIL132C	NotMapped	385.64124
YIL134C-A	YIL134C-A	NotMapped	94.728527
YIL135C	YIL135C	NotMapped	797.26781
YIL136W	YIL136W	NotMapped	3770.3487
YIL151C	YIL151C	NotMapped	1047.23
YIL152W	YIL152W	NotMapped	773.97694
YIL154C	YIL154C	NotMapped	903.51673
YIL158W	YIL158W	NotMapped	1890.0455
YIL161W	YIL161W	NotMapped	924.93894
YIL164C	YIL164C	NotMapped	1683.1469
YIL165C	YIL165C	NotMapped	2856.738
YIL166C	YIL166C	NotMapped	380.86804
YIL169C	YIL169C	NotMapped	816.35089
YIR003W	YIR003W	NotMapped	1964.5319
YIR004W	YIR004W	NotMapped	1193.7967
YIR006C	YIR006C	NotMapped	3370.1149
YIR007W	YIR007W	NotMapped	720.26604
YIR009W	YIR009W	NotMapped	371.78393
YIR013C	YIR013C	NotMapped	138.31894
YIR014W	YIR014W	NotMapped	664.76887
YIR016W	YIR016W	NotMapped	4761.6816
YIR017C	YIR017C	NotMapped	810.80063
YIR018C-A	YIR018C-A	NotMapped	268.94499
YIR018W	YIR018W	NotMapped	729.22571
YIR021W-A	YIR021W-A	NotMapped	90.497952
YIR023W	YIR023W	NotMapped	1118.1215
YIR024C	YIR024C	NotMapped	1125.9562
YIR028W	YIR028W	NotMapped	6616.5736
YIR030C	YIR030C	NotMapped	264.27692
YIR033W	YIR033W	NotMapped	2534.4604
YIR035C	YIR035C	NotMapped	1688.5108
YIR036C	YIR036C	NotMapped	2000.86
YIR039C	YIR039C	NotMapped	697.39265
YIR042C	YIR042C	NotMapped	846.11692
YJL004C	YJL004C	NotMapped	2495.1199
YJL011C	YJL011C	NotMapped	498.4051
YJL012C	YJL012C	NotMapped	2228.5201
YJL016W	YJL016W	NotMapped	1915.6032
YJL019W	YJL019W	NotMapped	582.96895
YJL020C	YJL020C	NotMapped	2911.6453
YJL023C	YJL023C	NotMapped	494.91416
YJL024C	YJL024C	NotMapped	1050.4895
YJL027C	YJL027C	NotMapped	109.73218
YJL029C	YJL029C	NotMapped	1055.3151
YJL036W	YJL036W	NotMapped	770.16641
YJL037W	YJL037W	NotMapped	190.49785
YJL038C	YJL038C	NotMapped	84.251
YJL043W	YJL043W	NotMapped	123.10765
YJL044C	YJL044C	NotMapped	984.46981
YJL047C	YJL047C	NotMapped	620.46316
YJL047C-A	YJL047C-A	NotMapped	395.4629
YJL048C	YJL048C	NotMapped	5197.7614
YJL051W	YJL051W	NotMapped	1284.8601
YJL052C-A	YJL052C-A	NotMapped	111.98089
YJL053W	YJL053W	NotMapped	2110.9407
YJL055W	YJL055W	NotMapped	6648.2775
YJL056C	YJL056C	NotMapped	1086.3548
YJL058C	YJL058C	NotMapped	446.87099
YJL059W	YJL059W	NotMapped	759.43996
YJL063C	YJL063C	NotMapped	4872.1086
YJL066C	YJL066C	NotMapped	3281.641
YJL070C	YJL070C	NotMapped	909.4266
YJL077C	YJL077C	NotMapped	160.34691
YJL077W-B	YJL077W-B	NotMapped	555.68909
YJL079C	YJL079C	NotMapped	6750.9367
YJL080C	YJL080C	NotMapped	2774.2511
YJL082W	YJL082W	NotMapped	1726.5936
YJL083W	YJL083W	NotMapped	1293.9954
YJL084C	YJL084C	NotMapped	1173.052
YJL089W	YJL089W	NotMapped	1025.2734
YJL094C	YJL094C	NotMapped	1949.7008
YJL096W	YJL096W	NotMapped	3520.0283
YJL099W	YJL099W	NotMapped	249.57722
YJL100W	YJL100W	NotMapped	2595.2362
YJL103C	YJL103C	NotMapped	1944.8632
YJL105W	YJL105W	NotMapped	142.45936
YJL107C	YJL107C	NotMapped	204.00734
YJL108C	YJL108C	NotMapped	374.01212
YJL116C	YJL116C	NotMapped	1364.6216
YJL117W	YJL117W	NotMapped	2432.1521
YJL118W	YJL118W	NotMapped	942.0146
YJL123C	YJL123C	NotMapped	1600.8376
YJL126W	YJL126W	NotMapped	487.68142
YJL127C	YJL127C	NotMapped	575.54804
YJL127C-B	YJL127C-B	NotMapped	1978.5619
YJL129C	YJL129C	NotMapped	1830.1598
YJL131C	YJL131C	NotMapped	888.7535
YJL133C-A	YJL133C-A	NotMapped	13648.916
YJL136W-A	YJL136W-A	NotMapped	141.73308
YJL137C	YJL137C	NotMapped	1311.9589
YJL144W	YJL144W	NotMapped	351.5681
YJL145W	YJL145W	NotMapped	774.46226
YJL146W	YJL146W	NotMapped	1716.4508
YJL147C	YJL147C	NotMapped	748.65275
YJL149W	YJL149W	NotMapped	951.67457
YJL151C	YJL151C	NotMapped	4584.3607
YJL154C	YJL154C	NotMapped	831.41414
YJL156C	YJL156C	NotMapped	1064.6098
YJL161W	YJL161W	NotMapped	628.24421
YJL162C	YJL162C	NotMapped	358.33838
YJL163C	YJL163C	NotMapped	974.56648
YJL170C	YJL170C	NotMapped	142.16287
YJL171C	YJL171C	NotMapped	3682.1054
YJL173C	YJL173C	NotMapped	2547.991
YJL178C	YJL178C	NotMapped	2108.6759
YJL181W	YJL181W	NotMapped	1269.2843
YJL185C	YJL185C	NotMapped	1140.3829
YJL192C	YJL192C	NotMapped	1959.8364
YJL193W	YJL193W	NotMapped	495.56831
YJL201W	YJL201W	NotMapped	811.46688
YJL203W	YJL203W	NotMapped	469.12994
YJL205C	YJL205C	NotMapped	1534.9704
YJL206C	YJL206C	NotMapped	534.33484
YJL207C	YJL207C	NotMapped	1794.7227
YJL212C	YJL212C	NotMapped	216.56977
YJL213W	YJL213W	NotMapped	232.58823
YJL217W	YJL217W	NotMapped	11558.877
YJR003C	YJR003C	NotMapped	584.49381
YJR005C-A	YJR005C-A	NotMapped	99.166522
YJR005W	YJR005W	NotMapped	2256.2977
YJR008W	YJR008W	NotMapped	4271.9475
YJR011C	YJR011C	NotMapped	580.60638
YJR014W	YJR014W	NotMapped	2653.5809
YJR015W	YJR015W	NotMapped	957.28015
YJR021C	YJR021C	NotMapped	814.01854
YJR030C	YJR030C	NotMapped	782.7263
YJR031C	YJR031C	NotMapped	1157.0544
YJR033C	YJR033C	NotMapped	1074.3795
YJR039W	YJR039W	NotMapped	610.79614
YJR044C	YJR044C	NotMapped	2628.5285
YJR054W	YJR054W	NotMapped	692.37905
YJR055W	YJR055W	NotMapped	380.69429
YJR056C	YJR056C	NotMapped	708.48946
YJR061W	YJR061W	NotMapped	1500.6373
YJR067C	YJR067C	NotMapped	811.88657
YJR069C	YJR069C	NotMapped	843.1475
YJR072C	YJR072C	NotMapped	727.74229
YJR074W	YJR074W	NotMapped	1933.1735
YJR079W	YJR079W	NotMapped	150.40024
YJR080C	YJR080C	NotMapped	3372.4564
YJR083C	YJR083C	NotMapped	552.74137
YJR084W	YJR084W	NotMapped	1302.2885
YJR085C	YJR085C	NotMapped	7845.9705
YJR088C	YJR088C	NotMapped	2357.9759
YJR089W	YJR089W	NotMapped	970.96513
YJR092W	YJR092W	NotMapped	3172.1838
YJR096W	YJR096W	NotMapped	584.83844
YJR098C	YJR098C	NotMapped	466.21773
YJR100C	YJR100C	NotMapped	2060.4335
YJR106W	YJR106W	NotMapped	418.47161
YJR107W	YJR107W	NotMapped	1041.6746
YJR108W	YJR108W	NotMapped	165.80619
YJR110W	YJR110W	NotMapped	990.87304
YJR111C	YJR111C	NotMapped	667.30485
YJR112W-A	YJR112W-A	NotMapped	680.94899
YJR115W	YJR115W	NotMapped	123.28687
YJR116W	YJR116W	NotMapped	836.70424
YJR118C	YJR118C	NotMapped	1365.8038
YJR119C	YJR119C	NotMapped	658.24309
YJR120W	YJR120W	NotMapped	142.51562
YJR122W	YJR122W	NotMapped	1815.8021
YJR124C	YJR124C	NotMapped	578.26155
YJR125C	YJR125C	NotMapped	2447.3863
YJR126C	YJR126C	NotMapped	1295.1579
YJR127C	YJR127C	NotMapped	4974.6302
YJR129C	YJR129C	NotMapped	869.99676
YJR132W	YJR132W	NotMapped	1081.2615
YJR133W	YJR133W	NotMapped	6251.0157
YJR134C	YJR134C	NotMapped	981.2134
YJR135C	YJR135C	NotMapped	543.97937
YJR136C	YJR136C	NotMapped	1013.9317
YJR138W	YJR138W	NotMapped	984.99594
YJR140C	YJR140C	NotMapped	1025.7931
YJR141W	YJR141W	NotMapped	856.42303
YJR142W	YJR142W	NotMapped	1652.6205
YJR144W	YJR144W	NotMapped	2210.7348
YJR147W	YJR147W	NotMapped	578.02447
YJR151W-A	YJR151W-A	NotMapped	107.34902
YJR154W	YJR154W	NotMapped	1218.0129
YJR155W	YJR155W	NotMapped	4391.3489
YKL004W	YKL004W	NotMapped	4348.5075
YKL005C	YKL005C	NotMapped	884.05173
YKL017C	YKL017C	NotMapped	878.59375
YKL018C-A	YKL018C-A	NotMapped	985.24129
YKL020C	YKL020C	NotMapped	2968.3754
YKL023W	YKL023W	NotMapped	966.48818
YKL027W	YKL027W	NotMapped	495.50784
YKL032C	YKL032C	NotMapped	3352.654
YKL033W	YKL033W	NotMapped	751.90203
YKL033W-A	YKL033W-A	NotMapped	4259.5538
YKL034W	YKL034W	NotMapped	2147.2731
YKL037W	YKL037W	NotMapped	145.55709
YKL038W	YKL038W	NotMapped	2678.9167
YKL039W	YKL039W	NotMapped	3076.2141
YKL040C	YKL040C	NotMapped	529.4024
YKL043W	YKL043W	NotMapped	12493.721
YKL047W	YKL047W	NotMapped	469.80914
YKL048C	YKL048C	NotMapped	1127.6201
YKL049C	YKL049C	NotMapped	836.55176
YKL050C	YKL050C	NotMapped	384.82396
YKL051W	YKL051W	NotMapped	468.00094
YKL054C	YKL054C	NotMapped	6981.8819
YKL055C	YKL055C	NotMapped	399.47512
YKL061W	YKL061W	NotMapped	381.08384
YKL063C	YKL063C	NotMapped	869.99256
YKL065C	YKL065C	NotMapped	2657.5833
YKL068W-A	YKL068W-A	NotMapped	131.0527
YKL070W	YKL070W	NotMapped	129.32869
YKL071W	YKL071W	NotMapped	162.5563
YKL072W	YKL072W	NotMapped	280.28641
YKL075C	YKL075C	NotMapped	715.46829
YKL077W	YKL077W	NotMapped	4261.3928
YKL079W	YKL079W	NotMapped	774.92311
YKL082C	YKL082C	NotMapped	857.66996
YKL084W	YKL084W	NotMapped	1278.9152
YKL090W	YKL090W	NotMapped	452.83036
YKL091C	YKL091C	NotMapped	1168.5238
YKL092C	YKL092C	NotMapped	1731.0247
YKL093W	YKL093W	NotMapped	2988.9605
YKL094W	YKL094W	NotMapped	6739.5711
YKL095W	YKL095W	NotMapped	286.17589
YKL096C-B	YKL096C-B	NotMapped	85.115816
YKL098W	YKL098W	NotMapped	888.32368
YKL100C	YKL100C	NotMapped	1836.5813
YKL105C	YKL105C	NotMapped	1692.1884
YKL106C-A	YKL106C-A	NotMapped	95.27873
YKL107W	YKL107W	NotMapped	113.30344
YKL109W	YKL109W	NotMapped	6107.1279
YKL119C	YKL119C	NotMapped	1249.9665
YKL121W	YKL121W	NotMapped	1213.4085
YKL122C	YKL122C	NotMapped	1743.8104
YKL124W	YKL124W	NotMapped	1130.898
YKL128C	YKL128C	NotMapped	1037.2551
YKL133C	YKL133C	NotMapped	467.96817
YKL135C	YKL135C	NotMapped	2396.6535
YKL138C	YKL138C	NotMapped	4540.3144
YKL142W	YKL142W	NotMapped	7202.4172
YKL151C	YKL151C	NotMapped	2637.4859
YKL155C	YKL155C	NotMapped	332.34749
YKL159C	YKL159C	NotMapped	813.50114
YKL160W	YKL160W	NotMapped	5256.7941
YKL162C	YKL162C	NotMapped	673.05281
YKL170W	YKL170W	NotMapped	4653.9902
YKL174C	YKL174C	NotMapped	1100.4045
YKL176C	YKL176C	NotMapped	3134.1705
YKL183C-A	YKL183C-A	NotMapped	94.316602
YKL183W	YKL183W	NotMapped	609.97709
YKL187C	YKL187C	NotMapped	418.52214
YKL189W	YKL189W	NotMapped	805.62681
YKL201C	YKL201C	NotMapped	3499.408
YKL207W	YKL207W	NotMapped	3087.8094
YKL208W	YKL208W	NotMapped	1132.8278
YKL212W	YKL212W	NotMapped	1837.3229
YKL214C	YKL214C	NotMapped	2499.8376
YKL218C	YKL218C	NotMapped	505.03909
YKL219W	YKL219W	NotMapped	356.91138
YKL220C	YKL220C	NotMapped	1694.652
YKL221W	YKL221W	NotMapped	104.8637
YKL222C	YKL222C	NotMapped	427.12831
YKR001C	YKR001C	NotMapped	4365.8244
YKR003W	YKR003W	NotMapped	1153.8507
YKR004C	YKR004C	NotMapped	667.57928
YKR005C	YKR005C	NotMapped	247.85798
YKR006C	YKR006C	NotMapped	3024.0135
YKR007W	YKR007W	NotMapped	1969.7574
YKR010C	YKR010C	NotMapped	793.79344
YKR011C	YKR011C	NotMapped	1732.3905
YKR013W	YKR013W	NotMapped	5520.2738
YKR015C	YKR015C	NotMapped	88.519925
YKR018C	YKR018C	NotMapped	3948.8324
YKR019C	YKR019C	NotMapped	395.5376
YKR020W	YKR020W	NotMapped	437.25789
YKR021W	YKR021W	NotMapped	1571.2809
YKR022C	YKR022C	NotMapped	483.89338
YKR023W	YKR023W	NotMapped	359.90953
YKR027W	YKR027W	NotMapped	716.92481
YKR029C	YKR029C	NotMapped	670.11625
YKR030W	YKR030W	NotMapped	1996.6926
YKR041W	YKR041W	NotMapped	145.28536
YKR044W	YKR044W	NotMapped	430.51396
YKR045C	YKR045C	NotMapped	740.60517
YKR046C	YKR046C	NotMapped	12621.222
YKR049C	YKR049C	NotMapped	2353.6966
YKR050W	YKR050W	NotMapped	570.48605
YKR051W	YKR051W	NotMapped	1292.0749
YKR058W	YKR058W	NotMapped	959.99732
YKR064W	YKR064W	NotMapped	1225.0347
YKR068C	YKR068C	NotMapped	2335.9114
YKR070W	YKR070W	NotMapped	1675.758
YKR071C	YKR071C	NotMapped	1080.5962
YKR072C	YKR072C	NotMapped	1853.9526
YKR074W	YKR074W	NotMapped	2932.6128
YKR075C	YKR075C	NotMapped	1951.9926
YKR076W	YKR076W	NotMapped	2225.9979
YKR077W	YKR077W	NotMapped	834.09502
YKR078W	YKR078W	NotMapped	484.01092
YKR085C	YKR085C	NotMapped	2753.1789
YKR087C	YKR087C	NotMapped	1642.7667
YKR088C	YKR088C	NotMapped	2253.3193
YKR090W	YKR090W	NotMapped	919.81504
YKR091W	YKR091W	NotMapped	825.16406
YKR092C	YKR092C	NotMapped	1084.7378
YKR093W	YKR093W	NotMapped	3839.0118
YKR096W	YKR096W	NotMapped	2218.0516
YKR100C	YKR100C	NotMapped	1616.5418
YKR103W	YKR103W	NotMapped	231.05009
YKR104W	YKR104W	NotMapped	632.28345
YLL003W	YLL003W	NotMapped	981.59199
YLL005C	YLL005C	NotMapped	150.62792
YLL006W-A	YLL006W-A	NotMapped	89.427563
YLL007C	YLL007C	NotMapped	989.27925
YLL012W	YLL012W	NotMapped	2706.1061
YLL014W	YLL014W	NotMapped	3111.9979
YLL015W	YLL015W	NotMapped	5628.3454
YLL021W	YLL021W	NotMapped	1564.5725
YLL023C	YLL023C	NotMapped	3141.4621
YLL025W	YLL025W	NotMapped	1660.7267
YLL026W	YLL026W	NotMapped	3334.0569
YLL032C	YLL032C	NotMapped	493.537
YLL033W	YLL033W	NotMapped	376.89297
YLL038C	YLL038C	NotMapped	418.60705
YLL040C	YLL040C	NotMapped	3715.4319
YLL046C	YLL046C	NotMapped	99.376698
YLL048C	YLL048C	NotMapped	4365.1731
YLL053C	YLL053C	NotMapped	3587.3346
YLL054C	YLL054C	NotMapped	475.6669
YLL055W	YLL055W	NotMapped	513.89555
YLL056C	YLL056C	NotMapped	979.08059
YLL057C	YLL057C	NotMapped	162.95345
YLL060C	YLL060C	NotMapped	317.91279
YLL062C	YLL062C	NotMapped	332.93093
YLL063C	YLL063C	NotMapped	320.97398
YLL066W-B	YLL066W-B	NotMapped	167.38442
YLR001C	YLR001C	NotMapped	1774.9747
YLR004C	YLR004C	NotMapped	7738.1409
YLR007W	YLR007W	NotMapped	1190.881
YLR011W	YLR011W	NotMapped	938.39709
YLR012C	YLR012C	NotMapped	105.55623
YLR013W	YLR013W	NotMapped	86.743275
YLR014C	YLR014C	NotMapped	378.43671
YLR020C	YLR020C	NotMapped	992.74662
YLR023C	YLR023C	NotMapped	5175.2396
YLR024C	YLR024C	NotMapped	687.87413
YLR030W	YLR030W	NotMapped	93.644161
YLR031W	YLR031W	NotMapped	81.276092
YLR035C	YLR035C	NotMapped	275.41506
YLR036C	YLR036C	NotMapped	487.14876
YLR039C	YLR039C	NotMapped	723.55034
YLR042C	YLR042C	NotMapped	122.16526
YLR046C	YLR046C	NotMapped	1662.3239
YLR047C	YLR047C	NotMapped	530.88827
YLR049C	YLR049C	NotMapped	1380.6614
YLR050C	YLR050C	NotMapped	1718.8138
YLR051C	YLR051C	NotMapped	813.44424
YLR053C	YLR053C	NotMapped	624.45138
YLR054C	YLR054C	NotMapped	124.90881
YLR063W	YLR063W	NotMapped	344.24922
YLR064W	YLR064W	NotMapped	1152.0235
YLR065C	YLR065C	NotMapped	2184.157
YLR068W	YLR068W	NotMapped	548.46255
YLR072W	YLR072W	NotMapped	605.34591
YLR073C	YLR073C	NotMapped	342.5417
YLR077W	YLR077W	NotMapped	2079.7774
YLR080W	YLR080W	NotMapped	468.96419
YLR082C	YLR082C	NotMapped	285.52901
YLR084C	YLR084C	NotMapped	1275.9697
YLR087C	YLR087C	NotMapped	1601.6259
YLR090W	YLR090W	NotMapped	2071.3747
YLR091W	YLR091W	NotMapped	309.46128
YLR094C	YLR094C	NotMapped	1611.8224
YLR095C	YLR095C	NotMapped	1370.2299
YLR098C	YLR098C	NotMapped	1124.3304
YLR099C	YLR099C	NotMapped	1813.4052
YLR099W-A	YLR099W-A	NotMapped	985.69032
YLR104W	YLR104W	NotMapped	873.8921
YLR107W	YLR107W	NotMapped	854.60269
YLR108C	YLR108C	NotMapped	786.8604
YLR114C	YLR114C	NotMapped	565.28063
YLR118C	YLR118C	NotMapped	1167.2554
YLR119W	YLR119W	NotMapped	264.48134
YLR121C	YLR121C	NotMapped	177.14605
YLR125W	YLR125W	NotMapped	196.20231
YLR126C	YLR126C	NotMapped	1437.9297
YLR132C	YLR132C	NotMapped	333.75504
YLR136C	YLR136C	NotMapped	5900.6404
YLR137W	YLR137W	NotMapped	528.9254
YLR138W	YLR138W	NotMapped	959.16137
YLR139C	YLR139C	NotMapped	713.32345
YLR144C	YLR144C	NotMapped	974.70648
YLR148W	YLR148W	NotMapped	441.67077
YLR149C	YLR149C	NotMapped	1448.6844
YLR150W	YLR150W	sce_YLR150W	10142.213
YLR151C	YLR151C	NotMapped	341.61389
YLR152C	YLR152C	NotMapped	4385.7994
YLR154C	YLR154C	NotMapped	920.44006
YLR157W-E	YLR157W-E	NotMapped	73.242116
YLR162W	YLR162W	NotMapped	119.51973
YLR162W-A	YLR162W-A	NotMapped	85.755705
YLR166C	YLR166C	NotMapped	1243.5389
YLR168C	YLR168C	NotMapped	4163.7704
YLR170C	YLR170C	NotMapped	1849.518
YLR173W	YLR173W	NotMapped	640.38896
YLR177W	YLR177W	NotMapped	2243.2797
YLR178C	YLR178C	NotMapped	3601.6836
YLR179C	YLR179C	NotMapped	4577.5021
YLR183C	YLR183C	NotMapped	1232.7532
YLR193C	YLR193C	NotMapped	4428.8808
YLR194C	YLR194C	NotMapped	1541.4407
YLR201C	YLR201C	NotMapped	2210.7692
YLR204W	YLR204W	NotMapped	3082.4982
YLR205C	YLR205C	NotMapped	5468.7633
YLR211C	YLR211C	NotMapped	647.08942
YLR213C	YLR213C	NotMapped	145.23539
YLR214W	YLR214W	NotMapped	810.85274
YLR215C	YLR215C	NotMapped	703.84975
YLR219W	YLR219W	NotMapped	1980.6742
YLR220W	YLR220W	NotMapped	2579.437
YLR223C	YLR223C	NotMapped	1045.2573
YLR224W	YLR224W	NotMapped	1138.079
YLR225C	YLR225C	NotMapped	643.85536
YLR227C	YLR227C	NotMapped	426.03359
YLR228C	YLR228C	NotMapped	1324.9457
YLR237W	YLR237W	NotMapped	3597.775
YLR238W	YLR238W	NotMapped	276.6372
YLR241W	YLR241W	NotMapped	2908.2544
YLR242C	YLR242C	NotMapped	538.92501
YLR243W	YLR243W	NotMapped	799.84522
YLR246W	YLR246W	NotMapped	2135.8272
YLR250W	YLR250W	NotMapped	2096.8297
YLR254C	YLR254C	NotMapped	1194.4729
YLR257W	YLR257W	NotMapped	3680.4305
YLR262C-A	YLR262C-A	NotMapped	2290.5657
YLR264C-A	YLR264C-A	NotMapped	1501.9493
YLR266C	YLR266C	NotMapped	775.91251
YLR267W	YLR267W	NotMapped	411.86923
YLR271W	YLR271W	NotMapped	603.67926
YLR273C	YLR273C	NotMapped	449.20489
YLR278C	YLR278C	NotMapped	1534.2769
YLR281C	YLR281C	NotMapped	516.08332
YLR283W	YLR283W	NotMapped	1635.2533
YLR284C	YLR284C	NotMapped	782.12386
YLR285C-A	YLR285C-A	NotMapped	274.18485
YLR287C	YLR287C	NotMapped	460.60565
YLR289W	YLR289W	NotMapped	1427.2796
YLR290C	YLR290C	NotMapped	2311.9477
YLR297W	YLR297W	NotMapped	905.04487
YLR301W	YLR301W	NotMapped	2515.4153
YLR307C-A	YLR307C-A	NotMapped	1246.7514
YLR309C	YLR309C	NotMapped	1647.297
YLR310C	YLR310C	NotMapped	3266.4028
YLR312C	YLR312C	NotMapped	1218.3577
YLR313C	YLR313C	NotMapped	365.20411
YLR315W	YLR315W	NotMapped	484.86706
YLR319C	YLR319C	NotMapped	1048.3828
YLR320W	YLR320W	NotMapped	704.32539
YLR324W	YLR324W	NotMapped	1139.5722
YLR326W	YLR326W	NotMapped	838.19799
YLR327C	YLR327C	NotMapped	15067.573
YLR329W	YLR329W	NotMapped	99.781494
YLR330W	YLR330W	NotMapped	1755.7885
YLR337C	YLR337C	NotMapped	1528.5195
YLR341W	YLR341W	NotMapped	103.72664
YLR342W-A	YLR342W-A	NotMapped	240.06395
YLR343W	YLR343W	NotMapped	166.51229
YLR346C	YLR346C	NotMapped	1655.4886
YLR350W	YLR350W	NotMapped	2277.3774
YLR351C	YLR351C	NotMapped	4243.79
YLR352W	YLR352W	NotMapped	1666.2302
YLR353W	YLR353W	NotMapped	1587.0307
YLR356W	YLR356W	NotMapped	2002.6781
YLR360W	YLR360W	NotMapped	725.62865
YLR361C	YLR361C	NotMapped	1027.2256
YLR361C-A	YLR361C-A	NotMapped	983.99508
YLR363C	YLR363C	NotMapped	549.56407
YLR363W-A	YLR363W-A	NotMapped	493.95681
YLR364W	YLR364W	NotMapped	585.91628
YLR369W	YLR369W	NotMapped	997.73083
YLR371W	YLR371W	NotMapped	2530.9391
YLR373C	YLR373C	NotMapped	2231.7762
YLR375W	YLR375W	NotMapped	2580.9861
YLR376C	YLR376C	NotMapped	176.58539
YLR380W	YLR380W	NotMapped	1310.5302
YLR383W	YLR383W	NotMapped	1641.5957
YLR386W	YLR386W	NotMapped	808.79993
YLR390W	YLR390W	NotMapped	1658.4406
YLR392C	YLR392C	NotMapped	1070.8249
YLR394W	YLR394W	NotMapped	1134.8594
YLR396C	YLR396C	NotMapped	947.3856
YLR403W	YLR403W	NotMapped	2671.5951
YLR404W	YLR404W	NotMapped	776.38916
YLR406C-A	YLR406C-A	NotMapped	101.30101
YLR407W	YLR407W	NotMapped	942.40373
YLR408C	YLR408C	NotMapped	403.65722
YLR410W	YLR410W	NotMapped	1657.462
YLR411W	YLR411W	NotMapped	2097.9007
YLR412C-A	YLR412C-A	NotMapped	115.01584
YLR412W	YLR412W	NotMapped	1372.9843
YLR413W	YLR413W	NotMapped	153.31048
YLR414C	YLR414C	NotMapped	2848.3292
YLR415C	YLR415C	NotMapped	185.23793
YLR419W	YLR419W	NotMapped	1498.2632
YLR422W	YLR422W	NotMapped	2307.0008
YLR425W	YLR425W	NotMapped	1615.6963
YLR426W	YLR426W	NotMapped	564.17257
YLR427W	YLR427W	NotMapped	1048.2934
YLR436C	YLR436C	NotMapped	1113.2498
YLR437C	YLR437C	NotMapped	1426.7665
YLR440C	YLR440C	NotMapped	783.84581
YLR443W	YLR443W	NotMapped	766.8773
YLR445W	YLR445W	NotMapped	92.973048
YLR446W	YLR446W	NotMapped	582.57857
YLR452C	YLR452C	NotMapped	443.53558
YLR454W	YLR454W	NotMapped	4439.0563
YLR455W	YLR455W	NotMapped	2257.3824
YLR456W	YLR456W	NotMapped	625.67798
YLR457C	YLR457C	NotMapped	335.95177
YLR460C	YLR460C	NotMapped	608.70043
YLR466C-B	YLR466C-B	NotMapped	91.387181
YML002W	YML002W	NotMapped	588.51596
YML003W	YML003W	NotMapped	219.61557
YML006C	YML006C	NotMapped	1369.6273
YML007C-A	YML007C-A	NotMapped	244.43967
YML009C	YML009C	NotMapped	6066.2417
YML011C	YML011C	NotMapped	729.35378
YML012W	YML012W	NotMapped	5933.964
YML017W	YML017W	NotMapped	294.13657
YML018C	YML018C	NotMapped	559.1081
YML020W	YML020W	NotMapped	841.29724
YML023C	YML023C	NotMapped	856.90915
YML030W	YML030W	NotMapped	4392.4391
YML034W	YML034W	NotMapped	2424.548
YML037C	YML037C	NotMapped	209.51194
YML047C	YML047C	NotMapped	96.553476
YML048W	YML048W	NotMapped	3317.4815
YML050W	YML050W	NotMapped	687.53854
YML051W	YML051W	NotMapped	4401.5712
YML052W	YML052W	NotMapped	3341.0622
YML053C	YML053C	NotMapped	2168.9766
YML054C-A	YML054C-A	NotMapped	98.498534
YML058W	YML058W	NotMapped	7221.1256
YML058W-A	YML058W-A	NotMapped	147.61325
YML066C	YML066C	NotMapped	107.58925
YML067C	YML067C	NotMapped	3012.8282
YML071C	YML071C	NotMapped	689.27001
YML072C	YML072C	NotMapped	8243.328
YML076C	YML076C	NotMapped	1724.0068
YML077W	YML077W	NotMapped	1088.2461
YML079W	YML079W	NotMapped	2971.6838
YML081W	YML081W	NotMapped	2598.9886
YML083C	YML083C	NotMapped	107.37746
YML087C	YML087C	NotMapped	1788.067
YML096W	YML096W	NotMapped	669.32982
YML097C	YML097C	NotMapped	615.19859
YML100W-A	YML100W-A	NotMapped	103.49142
YML101C	YML101C	NotMapped	1683.6419
YML107C	YML107C	NotMapped	1325.6465
YML108W	YML108W	NotMapped	556.40056
YML109W	YML109W	NotMapped	1305.1956
YML111W	YML111W	NotMapped	689.01593
YML113W	YML113W	NotMapped	618.78557
YML117W	YML117W	NotMapped	2467.5979
YML118W	YML118W	NotMapped	555.37659
YML119W	YML119W	NotMapped	875.16266
YML121W	YML121W	NotMapped	1946.5423
YML125C	YML125C	NotMapped	669.89855
YML128C	YML128C	NotMapped	3217.5085
YML130C	YML130C	NotMapped	1051.8596
YML131W	YML131W	NotMapped	1178.3509
YMR001C-A	YMR001C-A	NotMapped	477.07007
YMR002W	YMR002W	NotMapped	9354.6648
YMR003W	YMR003W	NotMapped	2218.3073
YMR004W	YMR004W	NotMapped	1485.6075
YMR005W	YMR005W	NotMapped	1435.8307
YMR010W	YMR010W	NotMapped	1441.5352
YMR014W	YMR014W	NotMapped	355.30721
YMR017W	YMR017W	NotMapped	197.2798
YMR018W	YMR018W	NotMapped	122.73908
YMR019W	YMR019W	NotMapped	2333.9296
YMR021C	YMR021C	NotMapped	1048.1781
YMR024W	YMR024W	NotMapped	3694.0869
YMR025W	YMR025W	NotMapped	329.83051
YMR027W	YMR027W	NotMapped	4769.7448
YMR028W	YMR028W	NotMapped	589.95585
YMR029C	YMR029C	NotMapped	1695.1395
YMR030W	YMR030W	NotMapped	658.08283
YMR030W-A	YMR030W-A	NotMapped	556.09419
YMR031C	YMR031C	NotMapped	3007.1013
YMR032W	YMR032W	NotMapped	1106.3575
YMR034C	YMR034C	NotMapped	479.68209
YMR038C	YMR038C	NotMapped	792.40553
YMR039C	YMR039C	NotMapped	691.50734
YMR040W	YMR040W	NotMapped	515.07628
YMR044W	YMR044W	NotMapped	765.85775
YMR052W	YMR052W	NotMapped	464.26552
YMR053C	YMR053C	NotMapped	716.19897
YMR058W	YMR058W	NotMapped	11372.413
YMR063W	YMR063W	NotMapped	444.57905
YMR065W	YMR065W	NotMapped	603.46288
YMR067C	YMR067C	NotMapped	1213.1685
YMR068W	YMR068W	NotMapped	469.82206
YMR069W	YMR069W	NotMapped	147.66709
YMR070W	YMR070W	NotMapped	952.20552
YMR071C	YMR071C	NotMapped	2987.5563
YMR073C	YMR073C	NotMapped	1106.143
YMR074C	YMR074C	NotMapped	1324.1867
YMR075W	YMR075W	NotMapped	390.61863
YMR079W	YMR079W	NotMapped	2945.9028
YMR081C	YMR081C	NotMapped	2665.6543
YMR084W	YMR084W	NotMapped	204.63904
YMR085W	YMR085W	NotMapped	377.17372
YMR086W	YMR086W	NotMapped	2278.8998
YMR087W	YMR087W	NotMapped	862.67973
YMR088C	YMR088C	NotMapped	6211.3378
YMR090W	YMR090W	NotMapped	1793.0321
YMR092C	YMR092C	NotMapped	2862.8182
YMR097C	YMR097C	NotMapped	1178.053
YMR098C	YMR098C	NotMapped	2046.0663
YMR100W	YMR100W	NotMapped	1299.82
YMR102C	YMR102C	NotMapped	833.19209
YMR105W-A	YMR105W-A	NotMapped	130.80318
YMR107W	YMR107W	NotMapped	1449.7398
YMR110C	YMR110C	NotMapped	6875.2978
YMR111C	YMR111C	NotMapped	446.16911
YMR114C	YMR114C	NotMapped	655.31014
YMR115W	YMR115W	NotMapped	1382.9108
YMR119W	YMR119W	NotMapped	1366.1742
YMR122W-A	YMR122W-A	NotMapped	4562.0253
YMR123W	YMR123W	NotMapped	1936.3521
YMR124W	YMR124W	NotMapped	940.13645
YMR126C	YMR126C	NotMapped	1293.6617
YMR130W	YMR130W	NotMapped	922.70371
YMR132C	YMR132C	NotMapped	385.98233
YMR133W	YMR133W	NotMapped	114.65448
YMR134W	YMR134W	NotMapped	1293.1293
YMR135C	YMR135C	NotMapped	1316.7764
YMR136W	YMR136W	NotMapped	4524.7487
YMR140W	YMR140W	NotMapped	1257.1791
YMR144W	YMR144W	NotMapped	931.74522
YMR147W	YMR147W	NotMapped	308.68416
YMR148W	YMR148W	NotMapped	1020.9
YMR152W	YMR152W	NotMapped	4221.3664
YMR154C	YMR154C	NotMapped	674.12784
YMR155W	YMR155W	NotMapped	956.76614
YMR157C	YMR157C	sce_YMR157C	2624.9535
YMR158C-A	YMR158C-A	NotMapped	460.85885
YMR158W	YMR158W	NotMapped	3160.9755
YMR160W	YMR160W	NotMapped	1640.5386
YMR163C	YMR163C	NotMapped	829.74057
YMR164C	YMR164C	NotMapped	500.41131
YMR166C	YMR166C	NotMapped	1384.331
YMR171C	YMR171C	NotMapped	1908.4716
YMR172W	YMR172W	NotMapped	557.01871
YMR173W	YMR173W	NotMapped	2629.8128
YMR174C	YMR174C	NotMapped	447.82525
YMR175W	YMR175W	NotMapped	2386.5315
YMR175W-A	YMR175W-A	NotMapped	119.81797
YMR176W	YMR176W	NotMapped	1916.8714
YMR177W	YMR177W	NotMapped	616.4147
YMR178W	YMR178W	NotMapped	1826.6581
YMR179W	YMR179W	NotMapped	613.08174
YMR181C	YMR181C	NotMapped	4258.6043
YMR182W-A	YMR182W-A	NotMapped	98.564126
YMR184W	YMR184W	NotMapped	1444.0136
YMR185W	YMR185W	NotMapped	1104.397
YMR187C	YMR187C	NotMapped	558.91515
YMR191W	YMR191W	NotMapped	3112.8082
YMR192W	YMR192W	NotMapped	379.67702
YMR194C-B	YMR194C-B	NotMapped	2304.6989
YMR195W	YMR195W	NotMapped	4377.8053
YMR196W	YMR196W	NotMapped	1863.7099
YMR198W	YMR198W	NotMapped	553.83804
YMR200W	YMR200W	NotMapped	1968.1038
YMR204C	YMR204C	NotMapped	972.90742
YMR206W	YMR206W	NotMapped	2311.0509
YMR209C	YMR209C	NotMapped	532.19032
YMR210W	YMR210W	NotMapped	1208.0633
YMR211W	YMR211W	NotMapped	853.35115
YMR212C	YMR212C	NotMapped	1229.9076
YMR218C	YMR218C	NotMapped	754.97394
YMR219W	YMR219W	NotMapped	1813.9481
YMR221C	YMR221C	NotMapped	2014.0449
YMR222C	YMR222C	NotMapped	1159.7901
YMR226C	YMR226C	K00540	7274.0246
YMR230W-A	YMR230W-A	NotMapped	133.66221
YMR231W	YMR231W	NotMapped	1117.1855
YMR232W	YMR232W	NotMapped	175.2853
YMR237W	YMR237W	NotMapped	2199.3369
YMR241W	YMR241W	NotMapped	8867.3946
YMR242W-A	YMR242W-A	NotMapped	91.156259
YMR244W	YMR244W	NotMapped	141.06437
YMR247C	YMR247C	NotMapped	1918.5685
YMR247W-A	YMR247W-A	NotMapped	73.469005
YMR251W	YMR251W	NotMapped	1032.7242
YMR251W-A	YMR251W-A	NotMapped	12915.652
YMR252C	YMR252C	NotMapped	1118.7731
YMR253C	YMR253C	NotMapped	456.47399
YMR258C	YMR258C	NotMapped	1868.8311
YMR259C	YMR259C	NotMapped	954.59877
YMR262W	YMR262W	NotMapped	495.04619
YMR263W	YMR263W	NotMapped	656.3045
YMR265C	YMR265C	NotMapped	397.82886
YMR266W	YMR266W	NotMapped	2710.5428
YMR268C	YMR268C	NotMapped	328.44785
YMR272C	YMR272C	NotMapped	6787.8548
YMR272W-B	YMR272W-B	NotMapped	97.884446
YMR273C	YMR273C	NotMapped	1156.7776
YMR275C	YMR275C	NotMapped	1090.9006
YMR279C	YMR279C	NotMapped	480.73268
YMR286W	YMR286W	NotMapped	3577.5459
YMR287C	YMR287C	NotMapped	839.95795
YMR289W	YMR289W	NotMapped	778.8068
YMR292W	YMR292W	NotMapped	2067.077
YMR295C	YMR295C	NotMapped	8234.6246
YMR298W	YMR298W	NotMapped	2678.2592
YMR299C	YMR299C	NotMapped	526.14399
YMR302C	YMR302C	NotMapped	2833.9867
YMR308C	YMR308C	NotMapped	3938.4763
YMR310C	YMR310C	NotMapped	502.12553
YMR315W	YMR315W	NotMapped	3736.3249
YMR315W-A	YMR315W-A	NotMapped	99.157448
YMR316W	YMR316W	NotMapped	538.68906
YMR317W	YMR317W	NotMapped	106.57191
YMR319C	YMR319C	NotMapped	106.15991
YNL004W	YNL004W	NotMapped	2258.9597
YNL005C	YNL005C	NotMapped	3495.2704
YNL006W	YNL006W	NotMapped	1775.4895
YNL007C	YNL007C	NotMapped	3163.343
YNL008C	YNL008C	NotMapped	2357.5582
YNL010W	YNL010W	NotMapped	5054.7095
YNL011C	YNL011C	NotMapped	1085.1793
YNL015W	YNL015W	NotMapped	10443.287
YNL018C	YNL018C	NotMapped	87.85385
YNL024C	YNL024C	NotMapped	147.65448
YNL024C-A	YNL024C-A	NotMapped	1532.911
YNL027W	YNL027W	NotMapped	1216.6047
YNL034W	YNL034W	NotMapped	274.10284
YNL035C	YNL035C	NotMapped	359.97791
YNL036W	YNL036W	NotMapped	8599.2973
YNL040W	YNL040W	NotMapped	1876.2045
YNL041C	YNL041C	NotMapped	1032.4901
YNL042W	YNL042W	NotMapped	364.10007
YNL042W-B	YNL042W-B	NotMapped	102.71372
YNL044W	YNL044W	NotMapped	4257.8318
YNL046W	YNL046W	NotMapped	869.26031
YNL047C	YNL047C	NotMapped	974.97598
YNL049C	YNL049C	NotMapped	1375.5867
YNL050C	YNL050C	NotMapped	509.72054
YNL051W	YNL051W	NotMapped	1019.4289
YNL054W	YNL054W	NotMapped	1034.7539
YNL058C	YNL058C	NotMapped	1113.7812
YNL063W	YNL063W	NotMapped	942.95461
YNL065W	YNL065W	NotMapped	319.00673
YNL067W-B	YNL067W-B	NotMapped	104.6778
YNL068C	YNL068C	NotMapped	768.95563
YNL074C	YNL074C	NotMapped	2051.6488
YNL076W	YNL076W	NotMapped	809.36629
YNL077W	YNL077W	NotMapped	769.2049
YNL078W	YNL078W	NotMapped	348.35689
YNL080C	YNL080C	NotMapped	1547.2033
YNL084C	YNL084C	NotMapped	1453.7283
YNL085W	YNL085W	NotMapped	2300.4031
YNL086W	YNL086W	NotMapped	357.19797
YNL087W	YNL087W	NotMapped	1683.274
YNL091W	YNL091W	NotMapped	3067.4813
YNL092W	YNL092W	NotMapped	420.01649
YNL094W	YNL094W	NotMapped	1227.9354
YNL095C	YNL095C	NotMapped	367.77874
YNL097C	YNL097C	NotMapped	851.58543
YNL097C-B	YNL097C-B	NotMapped	152.84257
YNL103W	YNL103W	NotMapped	1002.9898
YNL111C	YNL111C	NotMapped	6532.4679
YNL115C	YNL115C	NotMapped	3341.5646
YNL116W	YNL116W	NotMapped	5081.1107
YNL122C	YNL122C	NotMapped	1572.592
YNL123W	YNL123W	NotMapped	1234.2989
YNL125C	YNL125C	NotMapped	1568.9072
YNL127W	YNL127W	NotMapped	1105.9209
YNL128W	YNL128W	NotMapped	196.54354
YNL130C-A	YNL130C-A	NotMapped	100.18301
YNL133C	YNL133C	NotMapped	734.67907
YNL134C	YNL134C	NotMapped	12130.775
YNL137C	YNL137C	NotMapped	3331.0827
YNL144C	YNL144C	NotMapped	887.28983
YNL146C-A	YNL146C-A	NotMapped	163.06164
YNL146W	YNL146W	NotMapped	188.44526
YNL149C	YNL149C	NotMapped	1979.121
YNL152W	YNL152W	NotMapped	906.71068
YNL155W	YNL155W	NotMapped	804.26431
YNL156C	YNL156C	NotMapped	4726.6998
YNL157W	YNL157W	NotMapped	4109.3226
YNL158W	YNL158W	NotMapped	785.33902
YNL159C	YNL159C	NotMapped	951.29565
YNL160W	YNL160W	NotMapped	6665.8751
YNL162W-A	YNL162W-A	NotMapped	183.74758
YNL164C	YNL164C	NotMapped	753.40888
YNL165W	YNL165W	NotMapped	672.16927
YNL166C	YNL166C	NotMapped	1124.4677
YNL168C	YNL168C	NotMapped	2098.5322
YNL173C	YNL173C	NotMapped	1834.142
YNL175C	YNL175C	NotMapped	584.10976
YNL176C	YNL176C	NotMapped	3613.8286
YNL177C	YNL177C	NotMapped	2121.0925
YNL181W	YNL181W	NotMapped	1487.7713
YNL183C	YNL183C	NotMapped	2278.0386
YNL187W	YNL187W	NotMapped	334.60845
YNL188W	YNL188W	NotMapped	328.67042
YNL189W	YNL189W	NotMapped	4066.4978
YNL190W	YNL190W	NotMapped	10568.522
YNL191W	YNL191W	NotMapped	289.71383
YNL193W	YNL193W	NotMapped	579.91243
YNL194C	YNL194C	NotMapped	602.79609
YNL195C	YNL195C	NotMapped	1256.9172
YNL196C	YNL196C	NotMapped	100.03243
YNL197C	YNL197C	NotMapped	2124.4163
YNL199C	YNL199C	NotMapped	898.68918
YNL200C	YNL200C	NotMapped	2288.0091
YNL204C	YNL204C	NotMapped	220.36891
YNL206C	YNL206C	NotMapped	709.21114
YNL208W	YNL208W	NotMapped	12235.275
YNL210W	YNL210W	NotMapped	118.90319
YNL211C	YNL211C	NotMapped	407.28028
YNL212W	YNL212W	NotMapped	1981.4083
YNL213C	YNL213C	NotMapped	1096.1078
YNL214W	YNL214W	NotMapped	425.96267
YNL217W	YNL217W	NotMapped	947.78215
YNL218W	YNL218W	NotMapped	530.37239
YNL224C	YNL224C	NotMapped	546.40727
YNL231C	YNL231C	NotMapped	2256.0873
YNL234W	YNL234W	NotMapped	348.24729
YNL237W	YNL237W	NotMapped	3181.8264
YNL240C	YNL240C	NotMapped	1472.8159
YNL243W	YNL243W	NotMapped	4915.9853
YNL245C	YNL245C	NotMapped	456.42534
YNL246W	YNL246W	NotMapped	1258.9461
YNL249C	YNL249C	NotMapped	413.30219
YNL254C	YNL254C	NotMapped	422.50755
YNL257C	YNL257C	NotMapped	2088.6853
YNL258C	YNL258C	NotMapped	1457.6344
YNL259C	YNL259C	NotMapped	4085.5793
YNL260C	YNL260C	NotMapped	281.06459
YNL263C	YNL263C	NotMapped	1931.3456
YNL264C	YNL264C	NotMapped	469.89218
YNL265C	YNL265C	NotMapped	1127.4532
YNL269W	YNL269W	NotMapped	106.37545
YNL272C	YNL272C	NotMapped	787.77696
YNL274C	YNL274C	NotMapped	3799.3105
YNL275W	YNL275W	NotMapped	819.34889
YNL277W-A	YNL277W-A	NotMapped	110.52061
YNL279W	YNL279W	NotMapped	113.34379
YNL281W	YNL281W	NotMapped	4178.4512
YNL287W	YNL287W	NotMapped	3299.4194
YNL293W	YNL293W	NotMapped	1002.9728
YNL294C	YNL294C	NotMapped	1048.518
YNL295W	YNL295W	NotMapped	864.5808
YNL297C	YNL297C	NotMapped	1587.0305
YNL305C	YNL305C	NotMapped	3378.159
YNL307C	YNL307C	NotMapped	3744.7394
YNL309W	YNL309W	NotMapped	233.61503
YNL311C	YNL311C	NotMapped	989.71571
YNL313C	YNL313C	NotMapped	797.47593
YNL314W	YNL314W	NotMapped	946.51756
YNL318C	YNL318C	NotMapped	97.035791
YNL320W	YNL320W	NotMapped	1147.286
YNL323W	YNL323W	NotMapped	2449.2204
YNL325C	YNL325C	NotMapped	861.87301
YNL326C	YNL326C	NotMapped	863.84974
YNL328C	YNL328C	NotMapped	192.30289
YNL331C	YNL331C	NotMapped	499.06594
YNR002C	YNR002C	NotMapped	4595.5726
YNR004W	YNR004W	NotMapped	179.29743
YNR009W	YNR009W	NotMapped	1315.3875
YNR014W	YNR014W	NotMapped	182.50325
YNR018W	YNR018W	NotMapped	5567.0811
YNR021W	YNR021W	NotMapped	4154.7957
YNR022C	YNR022C	NotMapped	1909.5793
YNR026C	YNR026C	NotMapped	572.5755
YNR029C	YNR029C	NotMapped	740.20656
YNR034W-A	YNR034W-A	NotMapped	7334.4219
YNR037C	YNR037C	NotMapped	2829.175
YNR039C	YNR039C	NotMapped	981.43295
YNR040W	YNR040W	NotMapped	1441.0448
YNR048W	YNR048W	NotMapped	585.33731
YNR049C	YNR049C	NotMapped	557.18907
YNR051C	YNR051C	NotMapped	595.79028
YNR055C	YNR055C	NotMapped	2038.2699
YNR056C	YNR056C	NotMapped	11101.803
YNR059W	YNR059W	NotMapped	355.74168
YNR061C	YNR061C	NotMapped	863.79162
YNR062C	YNR062C	NotMapped	107.06715
YNR063W	YNR063W	NotMapped	197.09866
YNR064C	YNR064C	NotMapped	121.6699
YNR065C	YNR065C	NotMapped	686.88693
YNR066C	YNR066C	NotMapped	216.89484
YNR068C	YNR068C	NotMapped	1899.1775
YNR069C	YNR069C	NotMapped	508.80125
YNR070W	YNR070W	NotMapped	153.17447
YNR071C	YNR071C	NotMapped	3219.6552
YNR074C	YNR074C	NotMapped	102.25611
YNR075C-A	YNR075C-A	NotMapped	116.22658
YNR075W	YNR075W	NotMapped	88.428725
YOL002C	YOL002C	NotMapped	998.35191
YOL003C	YOL003C	NotMapped	1139.7281
YOL007C	YOL007C	NotMapped	1153.4039
YOL008W	YOL008W	NotMapped	810.13858
YOL014W	YOL014W	NotMapped	265.84551
YOL015W	YOL015W	NotMapped	123.77943
YOL017W	YOL017W	NotMapped	806.16655
YOL019W	YOL019W	NotMapped	1928.9499
YOL019W-A	YOL019W-A	NotMapped	111.29182
YOL024W	YOL024W	NotMapped	296.21451
YOL025W	YOL025W	NotMapped	834.54487
YOL026C	YOL026C	NotMapped	1385.8033
YOL028C	YOL028C	NotMapped	490.46592
YOL029C	YOL029C	NotMapped	1146.2352
YOL032W	YOL032W	NotMapped	858.72376
YOL034W	YOL034W	NotMapped	1111.7478
YOL036W	YOL036W	NotMapped	3734.4605
YOL038C-A	YOL038C-A	NotMapped	263.20805
YOL042W	YOL042W	NotMapped	1187.7846
YOL044W	YOL044W	NotMapped	1391.6182
YOL047C	YOL047C	NotMapped	125.23992
YOL048C	YOL048C	NotMapped	259.05336
YOL052C-A	YOL052C-A	NotMapped	5242.1345
YOL053W	YOL053W	NotMapped	1347.6262
YOL054W	YOL054W	NotMapped	809.1175
YOL057W	YOL057W	NotMapped	617.25296
YOL062C	YOL062C	NotMapped	1862.6629
YOL063C	YOL063C	NotMapped	1385.2942
YOL067C	YOL067C	NotMapped	358.72076
YOL070C	YOL070C	NotMapped	1132.8844
YOL072W	YOL072W	NotMapped	1503.5996
YOL073C	YOL073C	NotMapped	890.51352
YOL075C	YOL075C	NotMapped	1173.322
YOL078W	YOL078W	NotMapped	772.89435
YOL081W	YOL081W	NotMapped	7738.3275
YOL082W	YOL082W	NotMapped	589.93493
YOL083W	YOL083W	NotMapped	1432.9688
YOL084W	YOL084W	NotMapped	443.41535
YOL086W-A	YOL086W-A	NotMapped	986.21534
YOL087C	YOL087C	NotMapped	1801.4002
YOL088C	YOL088C	NotMapped	1742.002
YOL089C	YOL089C	NotMapped	836.25567
YOL091W	YOL091W	NotMapped	244.0054
YOL092W	YOL092W	NotMapped	2229.8379
YOL095C	YOL095C	NotMapped	365.31761
YOL097W-A	YOL097W-A	NotMapped	174.70002
YOL098C	YOL098C	NotMapped	1892.57
YOL101C	YOL101C	NotMapped	461.34806
YOL104C	YOL104C	NotMapped	82.182851
YOL107W	YOL107W	NotMapped	341.78494
YOL109W	YOL109W	NotMapped	12666.88
YOL110W	YOL110W	NotMapped	1283.0006
YOL111C	YOL111C	NotMapped	2280.2289
YOL112W	YOL112W	NotMapped	809.47329
YOL114C	YOL114C	NotMapped	192.51492
YOL116W	YOL116W	NotMapped	990.01147
YOL117W	YOL117W	NotMapped	787.55453
YOL119C	YOL119C	NotMapped	3073.0848
YOL129W	YOL129W	NotMapped	4257.808
YOL131W	YOL131W	NotMapped	76.343579
YOL132W	YOL132W	NotMapped	131.99202
YOL137W	YOL137W	NotMapped	682.81322
YOL138C	YOL138C	NotMapped	2048.0862
YOL147C	YOL147C	NotMapped	3986.2669
YOL154W	YOL154W	NotMapped	632.39886
YOL155W-A	YOL155W-A	NotMapped	159.21617
YOL159C	YOL159C	NotMapped	1487.6923
YOL159C-A	YOL159C-A	NotMapped	1208.9404
YOL162W	YOL162W	NotMapped	159.88049
YOL163W	YOL163W	NotMapped	165.65697
YOL164W	YOL164W	NotMapped	210.91489
YOL164W-A	YOL164W-A	NotMapped	90.472484
YOL166W-A	YOL166W-A	NotMapped	71.138758
YOR008C-A	YOR008C-A	NotMapped	81.335332
YOR011W	YOR011W	NotMapped	829.97613
YOR011W-A	YOR011W-A	NotMapped	85.64343
YOR012W	YOR012W	NotMapped	320.89987
YOR017W	YOR017W	NotMapped	942.75351
YOR018W	YOR018W	NotMapped	634.10368
YOR019W	YOR019W	NotMapped	357.13849
YOR020W-A	YOR020W-A	NotMapped	2919.4901
YOR021C	YOR021C	NotMapped	2556.4359
YOR022C	YOR022C	NotMapped	730.22674
YOR028C	YOR028C	NotMapped	2129.9583
YOR030W	YOR030W	NotMapped	645.08496
YOR031W	YOR031W	NotMapped	3997.4866
YOR032C	YOR032C	NotMapped	871.34848
YOR032W-A	YOR032W-A	NotMapped	148.48197
YOR034C	YOR034C	NotMapped	834.12555
YOR034C-A	YOR034C-A	NotMapped	830.7838
YOR035C	YOR035C	NotMapped	1148.5714
YOR037W	YOR037W	NotMapped	1092.4153
YOR042W	YOR042W	NotMapped	2969.5407
YOR043W	YOR043W	NotMapped	1366.7432
YOR044W	YOR044W	NotMapped	1206.1366
YOR047C	YOR047C	NotMapped	568.03873
YOR049C	YOR049C	NotMapped	1050.9328
YOR051C	YOR051C	NotMapped	1476.5967
YOR052C	YOR052C	NotMapped	3724.3604
YOR054C	YOR054C	NotMapped	1166.4588
YOR057W	YOR057W	NotMapped	1173.4804
YOR059C	YOR059C	NotMapped	1477.9186
YOR060C	YOR060C	NotMapped	359.65092
YOR062C	YOR062C	NotMapped	612.30614
YOR066W	YOR066W	NotMapped	721.91102
YOR068C	YOR068C	NotMapped	101.89763
YOR069W	YOR069W	NotMapped	693.96705
YOR070C	YOR070C	NotMapped	1323.211
YOR071C	YOR071C	NotMapped	315.78395
YOR072W-B	YOR072W-B	NotMapped	89.166695
YOR081C	YOR081C	NotMapped	979.73542
YOR084W	YOR084W	NotMapped	2921.2842
YOR086C	YOR086C	NotMapped	3590.658
YOR087W	YOR087W	NotMapped	1723.702
YOR091W	YOR091W	NotMapped	738.57705
YOR092W	YOR092W	NotMapped	1060.0163
YOR093C	YOR093C	NotMapped	1464.4316
YOR094W	YOR094W	NotMapped	1242.8752
YOR097C	YOR097C	NotMapped	1225.6907
YOR104W	YOR104W	NotMapped	813.43365
YOR107W	YOR107W	NotMapped	496.42326
YOR111W	YOR111W	NotMapped	776.26341
YOR113W	YOR113W	NotMapped	1528.4888
YOR114W	YOR114W	NotMapped	522.0067
YOR115C	YOR115C	NotMapped	991.59589
YOR118W	YOR118W	NotMapped	1098.2705
YOR126C	YOR126C	NotMapped	1508.1559
YOR127W	YOR127W	NotMapped	1385.0093
YOR129C	YOR129C	NotMapped	916.99373
YOR131C	YOR131C	NotMapped	2758.0189
YOR132W	YOR132W	NotMapped	1859.4808
YOR134W	YOR134W	NotMapped	98.625831
YOR137C	YOR137C	NotMapped	671.22833
YOR138C	YOR138C	NotMapped	1617.6715
YOR140W	YOR140W	NotMapped	1517.692
YOR148C	YOR148C	NotMapped	1082.6495
YOR152C	YOR152C	NotMapped	1314.9561
YOR154W	YOR154W	NotMapped	768.68727
YOR156C	YOR156C	NotMapped	499.44953
YOR158W	YOR158W	NotMapped	3298.8668
YOR161C	YOR161C	NotMapped	956.61523
YOR161C-C	YOR161C-C	NotMapped	131.70113
YOR162C	YOR162C	NotMapped	718.59402
YOR164C	YOR164C	NotMapped	1448.8111
YOR165W	YOR165W	NotMapped	2652.6985
YOR166C	YOR166C	NotMapped	366.05441
YOR172W	YOR172W	NotMapped	1129.0612
YOR173W	YOR173W	NotMapped	2592.7007
YOR177C	YOR177C	NotMapped	111.5575
YOR178C	YOR178C	NotMapped	2361.3739
YOR180C	YOR180C	NotMapped	307.21823
YOR181W	YOR181W	NotMapped	650.74873
YOR183W	YOR183W	NotMapped	88.476586
YOR186W	YOR186W	NotMapped	789.43269
YOR188W	YOR188W	NotMapped	1435.298
YOR191W	YOR191W	NotMapped	1960.0988
YOR192C	YOR192C	NotMapped	303.30614
YOR192C-C	YOR192C-C	NotMapped	1525.845
YOR193W	YOR193W	NotMapped	364.15557
YOR197W	YOR197W	NotMapped	3784.5282
YOR198C	YOR198C	NotMapped	5231.11
YOR205C	YOR205C	NotMapped	1175.667
YOR211C	YOR211C	NotMapped	2310.1916
YOR215C	YOR215C	NotMapped	4791.3068
YOR216C	YOR216C	NotMapped	648.7124
YOR220W	YOR220W	NotMapped	2848.3897
YOR223W	YOR223W	NotMapped	807.92643
YOR226C	YOR226C	NotMapped	1047.232
YOR227W	YOR227W	NotMapped	1769.0247
YOR228C	YOR228C	NotMapped	2712.943
YOR229W	YOR229W	NotMapped	837.03559
YOR237W	YOR237W	NotMapped	90.715832
YOR238W	YOR238W	NotMapped	1326.8973
YOR242C	YOR242C	NotMapped	187.50907
YOR246C	YOR246C	NotMapped	2178.8503
YOR253W	YOR253W	NotMapped	1138.1759
YOR255W	YOR255W	NotMapped	104.04799
YOR256C	YOR256C	NotMapped	2038.1696
YOR262W	YOR262W	NotMapped	975.18778
YOR264W	YOR264W	NotMapped	838.01328
YOR267C	YOR267C	NotMapped	3543.7083
YOR268C	YOR268C	NotMapped	111.59505
YOR271C	YOR271C	NotMapped	2222.6866
YOR273C	YOR273C	NotMapped	3242.5995
YOR279C	YOR279C	NotMapped	430.4158
YOR280C	YOR280C	NotMapped	1371.9154
YOR281C	YOR281C	NotMapped	1177.4246
YOR284W	YOR284W	NotMapped	486.86021
YOR285W	YOR285W	NotMapped	12233.91
YOR286W	YOR286W	NotMapped	5748.2616
YOR289W	YOR289W	NotMapped	1810.2493
YOR292C	YOR292C	NotMapped	638.05822
YOR293C-A	YOR293C-A	NotMapped	126.76773
YOR296W	YOR296W	NotMapped	1012.0337
YOR298C-A	YOR298C-A	NotMapped	6921.1634
YOR298W	YOR298W	NotMapped	157.7631
YOR299W	YOR299W	NotMapped	1516.4893
YOR301W	YOR301W	NotMapped	666.32441
YOR302W	YOR302W	NotMapped	8483.5104
YOR304C-A	YOR304C-A	NotMapped	468.22453
YOR304W	YOR304W	NotMapped	2396.7542
YOR305W	YOR305W	NotMapped	1927.352
YOR306C	YOR306C	NotMapped	763.85424
YOR315W	YOR315W	NotMapped	1618.8749
YOR316C-A	YOR316C-A	NotMapped	195.00819
YOR320C	YOR320C	NotMapped	2461.1299
YOR322C	YOR322C	NotMapped	1398.5209
YOR324C	YOR324C	NotMapped	779.71628
YOR328W	YOR328W	NotMapped	1545.6437
YOR329C	YOR329C	NotMapped	1576.485
YOR337W	YOR337W	NotMapped	632.07122
YOR338W	YOR338W	NotMapped	317.11195
YOR342C	YOR342C	NotMapped	1704.1504
YOR349W	YOR349W	NotMapped	277.41506
YOR350C	YOR350C	NotMapped	821.23317
YOR352W	YOR352W	NotMapped	1190.07
YOR353C	YOR353C	NotMapped	876.47733
YOR354C	YOR354C	NotMapped	5169.0331
YOR355W	YOR355W	NotMapped	2458.5623
YOR357C	YOR357C	NotMapped	2867.8264
YOR358W	YOR358W	NotMapped	1227.4311
YOR359W	YOR359W	NotMapped	880.96261
YOR363C	YOR363C	NotMapped	1534.6682
YOR365C	YOR365C	NotMapped	138.19846
YOR367W	YOR367W	NotMapped	1306.1956
YOR370C	YOR370C	NotMapped	3983.6047
YOR371C	YOR371C	NotMapped	1197.1223
YOR372C	YOR372C	NotMapped	987.11031
YOR376W-A	YOR376W-A	NotMapped	135.68509
YOR378W	YOR378W	NotMapped	1101.8712
YOR380W	YOR380W	NotMapped	1209.4429
YOR381W-A	YOR381W-A	NotMapped	98.802652
YOR385W	YOR385W	NotMapped	357.3377
YOR387C	YOR387C	NotMapped	140.51238
YOR389W	YOR389W	NotMapped	352.33259
YOR394C-A	YOR394C-A	NotMapped	141.58618
YPL004C	YPL004C	NotMapped	4403.81
YPL006W	YPL006W	NotMapped	4736.9886
YPL009C	YPL009C	NotMapped	1026.9157
YPL010W	YPL010W	NotMapped	2695.4744
YPL014W	YPL014W	NotMapped	837.58993
YPL019C	YPL019C	NotMapped	1395.1982
YPL021W	YPL021W	NotMapped	108.68874
YPL027W	YPL027W	NotMapped	101.42757
YPL032C	YPL032C	NotMapped	2112.9204
YPL033C	YPL033C	NotMapped	86.654651
YPL034W	YPL034W	NotMapped	412.89231
YPL038W	YPL038W	NotMapped	591.45919
YPL038W-A	YPL038W-A	NotMapped	316.61102
YPL039W	YPL039W	NotMapped	902.48313
YPL041C	YPL041C	NotMapped	370.36734
YPL045W	YPL045W	NotMapped	900.60933
YPL052W	YPL052W	NotMapped	1221.7214
YPL054W	YPL054W	NotMapped	1024.0165
YPL055C	YPL055C	NotMapped	308.82306
YPL056C	YPL056C	NotMapped	419.41899
YPL057C	YPL057C	NotMapped	4138.5456
YPL066W	YPL066W	NotMapped	4046.0748
YPL067C	YPL067C	NotMapped	1759.288
YPL068C	YPL068C	NotMapped	524.36805
YPL070W	YPL070W	NotMapped	712.54684
YPL071C	YPL071C	NotMapped	961.31468
YPL074W	YPL074W	NotMapped	1264.6556
YPL075W	YPL075W	NotMapped	1533.8109
YPL077C	YPL077C	NotMapped	430.05905
YPL084W	YPL084W	NotMapped	1006.9546
YPL085W	YPL085W	NotMapped	1701.3413
YPL088W	YPL088W	NotMapped	2587.2952
YPL092W	YPL092W	NotMapped	2821.5979
YPL095C	YPL095C	NotMapped	1002.2076
YPL098C	YPL098C	NotMapped	5392.6414
YPL099C	YPL099C	NotMapped	1792.0584
YPL100W	YPL100W	NotMapped	1712.0787
YPL103C	YPL103C	NotMapped	2140.5163
YPL107W	YPL107W	NotMapped	1481.0358
YPL108W	YPL108W	NotMapped	403.51371
YPL109C	YPL109C	NotMapped	1670.4222
YPL112C	YPL112C	NotMapped	2576.3369
YPL113C	YPL113C	NotMapped	1339.8894
YPL115C	YPL115C	NotMapped	2083.1517
YPL118W	YPL118W	NotMapped	3629.6573
YPL119C-A	YPL119C-A	NotMapped	536.03912
YPL121C	YPL121C	NotMapped	78.370203
YPL125W	YPL125W	NotMapped	1654.0641
YPL128C	YPL128C	NotMapped	945.96086
YPL133C	YPL133C	NotMapped	779.56465
YPL135W	YPL135W	NotMapped	7724.0783
YPL137C	YPL137C	NotMapped	1804.1686
YPL139C	YPL139C	NotMapped	992.23683
YPL141C	YPL141C	NotMapped	885.81017
YPL145C	YPL145C	NotMapped	2466.9993
YPL148C	YPL148C	NotMapped	820.20338
YPL150W	YPL150W	NotMapped	1241.4453
YPL152W-A	YPL152W-A	NotMapped	132.00229
YPL155C	YPL155C	NotMapped	994.26572
YPL156C	YPL156C	NotMapped	880.63413
YPL158C	YPL158C	NotMapped	2343.5559
YPL159C	YPL159C	NotMapped	1469.8699
YPL161C	YPL161C	NotMapped	1047.3233
YPL162C	YPL162C	NotMapped	901.64924
YPL163C	YPL163C	NotMapped	4312.1295
YPL165C	YPL165C	NotMapped	114.51597
YPL166W	YPL166W	NotMapped	284.94505
YPL168W	YPL168W	NotMapped	636.82936
YPL176C	YPL176C	NotMapped	1624.8751
YPL177C	YPL177C	NotMapped	3868.4738
YPL180W	YPL180W	NotMapped	1491.0548
YPL181W	YPL181W	NotMapped	3179.2764
YPL183C	YPL183C	NotMapped	545.57102
YPL184C	YPL184C	NotMapped	1834.4103
YPL186C	YPL186C	NotMapped	1430.66
YPL188W	YPL188W	NotMapped	1409.6134
YPL189W	YPL189W	NotMapped	198.01353
YPL191C	YPL191C	NotMapped	575.02896
YPL192C	YPL192C	NotMapped	337.33725
YPL195W	YPL195W	NotMapped	1347.2864
YPL196W	YPL196W	NotMapped	1866.8489
YPL199C	YPL199C	NotMapped	2976.6874
YPL200W	YPL200W	NotMapped	254.50632
YPL201C	YPL201C	NotMapped	1668.8938
YPL202C	YPL202C	NotMapped	406.75053
YPL208W	YPL208W	NotMapped	953.63089
YPL216W	YPL216W	NotMapped	256.92551
YPL219W	YPL219W	NotMapped	1160.5451
YPL221W	YPL221W	NotMapped	2497.8234
YPL222W	YPL222W	NotMapped	2330.4442
YPL223C	YPL223C	NotMapped	232.58928
YPL224C	YPL224C	NotMapped	1208.326
YPL225W	YPL225W	NotMapped	2784.8203
YPL229W	YPL229W	NotMapped	1167.758
YPL230W	YPL230W	NotMapped	1370.8328
YPL239W	YPL239W	NotMapped	1245.3167
YPL241C	YPL241C	NotMapped	837.6194
YPL245W	YPL245W	NotMapped	378.88107
YPL246C	YPL246C	NotMapped	2428.1565
YPL247C	YPL247C	NotMapped	747.17831
YPL249C	YPL249C	NotMapped	874.02492
YPL250C	YPL250C	NotMapped	1315.5847
YPL252C	YPL252C	NotMapped	6643.8807
YPL253C	YPL253C	NotMapped	596.98703
YPL257W	YPL257W	NotMapped	213.17688
YPL259C	YPL259C	NotMapped	2184.3906
YPL260W	YPL260W	NotMapped	3089.444
YPL263C	YPL263C	NotMapped	775.43534
YPL264C	YPL264C	NotMapped	738.43933
YPL267W	YPL267W	NotMapped	725.78336
YPL269W	YPL269W	NotMapped	1187.687
YPL272C	YPL272C	NotMapped	403.0242
YPL277C	YPL277C	NotMapped	75.310607
YPL279C	YPL279C	NotMapped	535.77532
YPR003C	YPR003C	NotMapped	600.23045
YPR005C	YPR005C	NotMapped	999.90295
YPR008W	YPR008W	NotMapped	1695.8496
YPR009W	YPR009W	NotMapped	1040.3602
YPR011C	YPR011C	NotMapped	926.70794
YPR013C	YPR013C	NotMapped	2732.6251
YPR015C	YPR015C	NotMapped	132.85287
YPR017C	YPR017C	NotMapped	387.64579
YPR018W	YPR018W	NotMapped	374.96914
YPR022C	YPR022C	NotMapped	2338.2364
YPR027C	YPR027C	NotMapped	107.7763
YPR029C	YPR029C	NotMapped	1114.1514
YPR030W	YPR030W	NotMapped	4753.7821
YPR032W	YPR032W	NotMapped	674.59029
YPR036W-A	YPR036W-A	NotMapped	13338.345
YPR042C	YPR042C	NotMapped	1361.427
YPR045C	YPR045C	NotMapped	543.06554
YPR046W	YPR046W	NotMapped	499.00008
YPR048W	YPR048W	NotMapped	410.04688
YPR052C	YPR052C	NotMapped	5535.458
YPR055W	YPR055W	NotMapped	1240.9495
YPR057W	YPR057W	NotMapped	1047.1256
YPR061C	YPR061C	NotMapped	1364.6475
YPR063C	YPR063C	NotMapped	3509.8803
YPR067W	YPR067W	NotMapped	1856.7516
YPR071W	YPR071W	NotMapped	461.24221
YPR075C	YPR075C	NotMapped	1253.3029
YPR078C	YPR078C	NotMapped	159.17411
YPR083W	YPR083W	NotMapped	1233.4417
YPR084W	YPR084W	NotMapped	1068.0522
YPR085C	YPR085C	NotMapped	404.28288
YPR089W	YPR089W	NotMapped	1732.0955
YPR091C	YPR091C	NotMapped	1216.9033
YPR093C	YPR093C	NotMapped	475.61282
YPR095C	YPR095C	NotMapped	1359.0869
YPR097W	YPR097W	NotMapped	1610.5879
YPR098C	YPR098C	NotMapped	4186.1927
YPR101W	YPR101W	NotMapped	1680.4615
YPR104C	YPR104C	NotMapped	889.77851
YPR105C	YPR105C	NotMapped	1560.7855
YPR106W	YPR106W	NotMapped	1518.1217
YPR108W-A	YPR108W-A	NotMapped	192.47467
YPR109W	YPR109W	NotMapped	1414.7175
YPR114W	YPR114W	NotMapped	2003.4817
YPR115W	YPR115W	NotMapped	2878.1724
YPR116W	YPR116W	NotMapped	115.53266
YPR117W	YPR117W	NotMapped	3095.0694
YPR121W	YPR121W	NotMapped	483.67318
YPR122W	YPR122W	NotMapped	270.42892
YPR124W	YPR124W	NotMapped	619.03847
YPR125W	YPR125W	NotMapped	1747.1161
YPR128C	YPR128C	NotMapped	2328.7035
YPR134W	YPR134W	NotMapped	814.30581
YPR139C	YPR139C	NotMapped	882.21707
YPR143W	YPR143W	NotMapped	1189.0316
YPR147C	YPR147C	NotMapped	1089.262
YPR148C	YPR148C	NotMapped	3708.877
YPR149W	YPR149W	NotMapped	11904.275
YPR151C	YPR151C	NotMapped	3224.0298
YPR152C	YPR152C	NotMapped	420.65605
YPR153W	YPR153W	NotMapped	218.71332
YPR154W	YPR154W	NotMapped	1676.2786
YPR156C	YPR156C	NotMapped	387.60825
YPR157W	YPR157W	NotMapped	243.06544
YPR158W	YPR158W	NotMapped	322.55336
YPR159C-A	YPR159C-A	NotMapped	114.80053
YPR159W	YPR159W	NotMapped	3134.4304
YPR164W	YPR164W	NotMapped	576.49104
YPR169W	YPR169W	NotMapped	981.12648
YPR171W	YPR171W	NotMapped	1000.9697
YPR172W	YPR172W	NotMapped	789.60019
YPR174C	YPR174C	NotMapped	1144.9776
YPR179C	YPR179C	NotMapped	442.57493
YPR186C	YPR186C	NotMapped	261.87034
YPR188C	YPR188C	NotMapped	1002.3328
YPR193C	YPR193C	NotMapped	1660.9807
YPR194C	YPR194C	NotMapped	4434.549
YPR196W	YPR196W	NotMapped	504.42046
YPR198W	YPR198W	NotMapped	601.91176
YPR200C	YPR200C	NotMapped	96.718844
YPR201W	YPR201W	NotMapped	98.575256
