sce_YJR151C	-
K10110	malG
K10111	malK
sce_YGR180C	-
K18326	mdtD
K18324	acrD
K05844	rimK
K05845	osmF
K05846	yehY
K05846	yehW
K05847	yehX
K15548	aaeA
sce_YKL096W	-
K04081	ibpB
K04080	ibpA
K04087	hflC
K04085	tusA
K04084	dsbD
K04088	hflK
K00507	-
K15547	mdtO
spo_SPBC1709.05	-
K03973	pspC
K00982	glnE
K01104	etp
K01104	wzb
K00981	cdsA
K00981	ynbB
K05592	deaD
K02967	rpsB
K05590	srmB
K05591	dbpA
K05596	argP
K05595	marC
K01297	ldcA
K05601	hcp
K02926	rplD
K00216	entA
K01568	-
spo_SPBC530.07c	-
hsa_B8ZZJ2	-
K00219	fadH
K01035	atoA
K01034	atoD
K01740	-
K01744	aspA
K02031	ddpD
K02032	ddpF
K02033	ddpB
K02034	ddpC
K02035	ygiS
K02035	ddpA
K02036	pstB
K02037	pstC
K01585	speA
K01584	adiA
eco_b4155	EpmA
K01586	lysA
K01581	speF
K01581	speC
K01580	GadB
K01580	gadA
K01580	gadB
K01582	cadA
K01582	ldcC
K13497	trpD
K01589	purK
K01588	purE
K18138	acrB
K13654	mcbR
K13655	mqsA
K13301	secM
hsa_Q9C0K3	-
K08348	fdnG
K08349	fdnH
K02456	gspG
hsa_P63313	-
K02106	atoE
K02455	gspF
K02100	araE
K02453	gspD
K02450	gspA
K02451	gspB
sce_YPL058C	-
K02108	atpB
K02108	AtpB
K02109	atpF
K03981	dsbC
K02459	gspJ
K08137	galP
hsa_Q96FU6	-
K01639	nanA
K01638	aceB
K01638	glcB
K01637	aceA
eco_b0329	YahO
K01633	folB
K02058	yphF
K02058	ytfQ
K01631	dgoA
K01630	garL
K00265	gltB
hsa_I3L1U9	-
K14057	abgR
K03522	fixB
K14051	gmr
K03524	birA
K03527	ispH
K03526	ispG
K02852	wecG
K02853	wzyE
K02850	waaY
K02851	wecA
K13014	arnD
K14058	ttcA
K02854	rhaR
K02855	rhaS
K03671	trxA
K03673	dsbA
K03672	trxC
K03675	grxB
K03674	grxA
K03676	grxC
K09761	rsmE
hsa_Q9BYD9	-
K02217	ftnA
K02218	-
K04083	hslO
K04082	hscB
K03299	ygbN
K03299	yjhF
hsa_Q9NZ32	-
K03291	setA
K03291	setB
K03291	setC
K03290	nanT
K03297	emrE
K13479	xdhB
K03073	secE
K03072	secD
K03071	secB
K03070	secA
K03077	ulaF
K03076	secY
K03075	secG
K03074	secF
K03275	waaR
mmu_108124	-
K03277	waaU
K03276	waaJ
K03271	gmhA
K03270	kdsC
K03273	gmhB
K03272	hldE
mpn_MPN452	-
mpn_MPN453	-
K06131	clsA
K06133	acpT
K15545	mlc
K03186	ubiX
K03185	ubiH
K03184	ubiF
K03183	ubiE
K03182	ubiD
K03181	ubiC
sce_YHR193C	-
sce_YGR282C	-
hsa_Q05DQ7	-
K16013	cydD
K09971	yhdY
K07356	sfmH
K07354	sfmD
K07355	sfmF
K07352	sfmA
K07353	sfmC
K07350	fimH
K07351	fimI
K06221	dkgA
K06223	dam
K06222	dkgB
mmu_15135	-
K05692	-
mmu_15132	-
K06917	mnmH
sce_YKL056C	-
K00773	tgt
sce_YJL078C	-
K00868	pdxY
K00868	pdxK
K10439	rbsB
K10439	RbsB
K10213	rihB
eco_b2665	YgaU
K10748	tus
K01912	paaK
K01911	menE
K01914	asnA
K01915	glnA
K01915	GlnA
K01918	panC
K01919	gshA
K07771	basR
K07772	torR
K07773	arcA
K05939	aas
K07173	luxS
K07171	mazF
K07171	chpB
K01854	glf
K00374	narV
K00374	narI
K00371	narY
K00371	narH
K00370	narG
K00370	narZ
K00373	narW
K00373	narJ
K01358	clpP
K01358	ClpP
K13109	-
K01354	ptrB
K01355	ompT
K01356	lexA
hsa_F8VSD1	-
K10109	malF
K10108	malE
K10108	MalE
K15555	ssuB
K15554	ssuC
K15553	ssuA
K15552	tauC
K15551	tauA
K15550	mdtP
K01825	fadB
K01823	idi
K01821	pptA
sce_YKR037C	-
K04078	groS
K04079	HtpG
K04079	htpG
spo_SPAP8A3.08	-
K04075	tilS
K04072	adhE
K04073	mhpF
K00517	yeaW
K00998	pssA
K04691	degS
K00995	pgsA
K00997	acpS
K00991	ispD
eco_b0220	Ivy
hsa_Q9P1U1	-
K05589	ftsB
hsa_Q8TDG2	-
hsa_Q13841	-
eco_b2516	RodZ
K02931	rplE
K02933	rplF
K02935	rplL
K02939	rplI
K00215	dapB
K00208	fabI
K01000	mraY
K01002	opgB
sce_YJR150C	-
K01007	PpsA
K01007	ppsA
K01008	selD
K13480	xdhC
K14441	rimO
K08194	dgoT
sce_YOR214C	-
K13641	iclR
K13643	iscR
K00339	nuoJ
K01130	aslA
K14682	argA
hsa_Q53FS0	-
K08354	ydhU
K01138	yidJ
K01138	ydeN
K01139	spoT
K08351	bisC
K08350	fdnI
K03468	aaeB
K02112	atpD
K02111	atpA
K02110	atpE
K02440	glpF
K02115	atpG
K02114	atpC
K03466	ftsK
K01649	LeuA
K01649	leuA
mtu_Rv0020c	-
K01643	citF
K01646	citD
K01647	gltA
K01644	citE
K07811	torA
sce_YBL063W	-
K02598	nirC
K02849	waaQ
K02848	waaP
K14062	ompN
K14063	feaR
K02020	modA
K02841	waaC
K02840	waaB
K03516	flhE
K03517	nadA
K01749	hemC
K02847	waaL
K02846	solA
sce_YIL123W	-
K03885	ndh
K13498	trpC
hsa_C9JFL5	-
hsa_A6NL76	-
K03088	rpoE
K03088	fecI
K03089	rpoH
K03086	rpoD
K03087	rpoS
K16693	wzxE
K16692	etk
K16692	wzc
K16695	wzxC
K03080	sgbE
hsa_P49773	-
hsa_F5H3P5	-
sce_YKL042W	-
K03644	lipA
K03645	seqA
K03646	tolA
K03640	Pal
K03640	pal
K01424	ansA
K01424	ansB
K03643	lptE
K03648	ung
K03649	mug
K06214	csgG
K09936	ydcZ
K07349	fimG
K07348	fimF
K06212	focA
K07345	fimA
K07347	yraJ
K07347	yehB
K07347	elfC
K07347	htrE
K07347	fimD
K07346	fimC
sce_YDR016C	-
K11645	fbaB
sce_YDR130C	-
mmu_15126	-
K06968	rlmM
K06969	rlmI
K16235	mmuP
K00748	lpxB
K02680	ppdB
K07507	yhiD
K02495	yggW
K02495	hemN
K16347	ecnA
K16346	xanQ
K16345	xanP
K09808	lolC
K09808	lolE
K16348	ecnB
K10914	crp
hsa_B2RB53	-
K10773	nth
K10778	ada
K14287	ybdL
K01903	sucC
K01902	sucD
sce_YIL051C	-
sce_YOR373W	-
K01908	prpE
K00147	proA
K18697	pgpC
K00413	-
hsa_B4DT29	-
mmu_12653	-
mmu_12652	-
K00340	nuoK
K00693	-
K00342	nuoM
NotMapped	-
K00344	qorA
K00697	otsA
K00694	bcsA
K02457	gspH
K02454	gspE
sce_YJR004C	-
K05820	hcaT
K03459	focB
K00525	nrdA
K00525	nrdE
K00526	nrdB
K00526	nrdF
K00527	nrdD
K01839	deoB
K03592	pmbA
K15524	mngB
K01835	pgm
K01834	gpmA
K02518	infA
K00528	fpr
K00529	hcaD
K04069	ybiY
K04069	pflC
K04068	nrdG
K00029	maeB
K04067	priC
K04066	priA
K04063	OsmC
K14216	-
K10004	gltL
K10002	gltK
K02458	gspI
K10000	artP
K10001	gltI
K09024	rutF
K03980	murJ
K09022	tdcF
K09022	ridA
K00795	ispA
K09020	rutB
K09021	rutC
K02909	ykgM
K02909	rpmE
K08218	ampG
K08219	ycaD
K02904	rpmC
K02906	rplC
K02907	rpmD
K02902	rpmB
K00230	hemG
K00239	sdhA
K15634	ytjC
K15633	gpmM
K14587	sgcE
K02688	prpR
K01012	bioB
K01011	sseA
K01011	ynjE
hsa_B4DHK9	-
K00835	avtA
K00832	tyrB
K00833	bioA
sce_YHR126C	-
K00831	serC
K00831	SerC
K00549	metE
K04335	csgB
K04334	csgA
K04337	csgE
K04336	csgC
K01126	glpQ
K01126	ugpQ
K04333	csgD
K08322	rspB
K01129	dgt
K08321	lsrF
K15984	rsmJ
K04338	csgF
K08324	sad
K08325	yqhD
K02470	gyrB
K02471	yddA
K02472	wecC
K02477	ypdB
K02477	yehT
K02478	ypdA
K02478	yehU
K01659	prpC
K01653	ilvN
K01653	ilvH
K01653	IlvH
K01652	IlvI
K01652	IlvB
K01652	ilvI
K01652	ilvB
K01657	trpE
K02874	rplN
K02876	rplO
K02871	rplM
K12138	hyfC
K02878	rplP
K02879	rplQ
K11736	proY
K02052	ydcT
K02053	ydcV
K02056	yphE
K02056	ytfR
K02057	ytfT
K02057	yphD
K02057	yjfF
K02054	ydcU
K02055	ydcS
K03503	umuD
K03502	umuC
K03501	rsmG
K03500	rsmB
K03893	arsB
K03892	arsR
K09748	rimP
K02272	-
hsa_A5GZ75	-
K03919	alkB
sce_YGR113W	-
K13292	lgt
hsa_B4DMT4	-
K03477	ulaR
K03476	ulaG
K03475	ulaA
K14056	puuR
K03473	pdxB
K03472	epd
K03470	rnhB
K12981	waaZ
K12986	waaS
hsa_Q9BYX7	-
K03098	blc
K18800	ubiI
K17758	nnr
K12507	fadK
K14052	puuP
K12500	fadM
K03092	rpoN
K02302	cysG
sce_YGL093W	-
K02301	cyoE
K03257	-
K05349	bglX
K02856	rhaT
sce_YDR055W	-
K03650	mnmE
K03657	uvrD
K03656	rep
K03655	recG
K03654	recQ
K03658	helD
K11748	kefG
K11749	rseP
K11746	kefF
K11747	kefB
K11745	kefC
K11742	mdtI
K11743	mdtJ
K11741	sugE
sce_YPL255W	-
K06204	dksA
K04844	ycjT
K07374	-
sce_YKL163W	-
K03528	zipA
sce_YLR110C	-
hsa_Q9H981	-
K06970	rlmF
sce_YLR045C	-
K00759	apt
K00758	deoA
mtu_Rv2145c	-
K00757	udp
K10906	recE
K03631	recN
K07574	yhbY
K09817	znuC
K09816	znuB
K09815	znuA
K09812	ftsE
K09811	ftsX
K09810	lolD
hsa_B4E335	-
K10763	hda
K01939	purA
K01935	ynfK
K01935	bioD
K01937	pyrG
K01933	purM
K00962	pnp
K07798	cusB
K07799	mdtA
K07796	cusC
K07797	emrK
K07792	dcuB
K07791	dcuA
K00688	glgP
K00688	malP
K07154	hipA
K07406	melA
K07404	pgl
K00684	aat
K07400	NfuA
K12962	arnE
bsu_BSU07440	-
K05835	rhtC
K05834	rhtB
K05837	mrdB
hsa_P0CG39	-
K05838	ybbN
K01808	rpiB
K01809	manA
K00537	yfgD
K00537	arsC
K01803	tpiA
K01804	araA
K01805	xylA
K01807	rpiA
sce_YML104C	-
K01246	tag
K01247	alkA
K01243	mtn
K01241	amn
K10015	hisM
K10014	hisJ
K14260	alaA
K10016	hisQ
K10011	arnA
K10010	yecC
K10013	argT
K10012	arnC
K02919	rpmJ
K02919	ykgO
K02913	rpmG
K02911	rpmF
K02916	rpmI
K02914	rpmH
K00228	hemF
K01338	Lon
K01338	lon
K02682	ppdD
K02681	ppdC
K01069	gloB
K02687	prmA
K02686	priB
K01790	rfbC
K01791	wecB
K01792	yeaD
K01061	ysgA
K01066	aes
hsa_Q9H9F9	-
K00826	ilvE
K00821	argD
K00820	glmS
K00823	puuE
K05499	cytR
K01488	add
K01489	cdd
K01484	astB
K01485	codA
K01486	ade
K01487	guaD
K01480	speB
K01483	allA
K01664	pabA
K01665	pabB
K01666	mhpE
K01667	tnaA
K01661	menB
K02469	gyrA
K02468	srlR
K02464	gspO
K01669	phr
K02461	gspL
K02460	gspK
K01466	allB
K01467	ampC
K01464	hyuA
K01465	pyrC
K01460	gss
K02863	rplA
K02860	rimM
K09251	patA
K02866	-
K02864	rplJ
K13069	dosC
K13069	yeaP
K02041	phnC
K02040	pstS
K02043	phnF
K02045	cysA
K02044	phnD
K02047	cysW
K02046	cysU
K02048	sbp
K02048	cysP
K03314	nhaB
K03312	gltS
K03313	nhaA
K05365	mrcB
K02269	-
K02261	-
K02260	-
K02263	-
K02265	-
K02264	-
K02267	-
K02266	-
K03790	rimJ
K03797	prc
K03274	hldD
K03798	ftsH
K03799	htpX
K13283	fieF
sce_YAL047C	-
K03402	argR
K12289	hofN
K03407	cheA
K03408	cheW
K00639	kbl
K05368	fre
K17722	preT
K17723	preA
K02315	dnaC
spo_SPCC576.03c	-
K02317	dnaT
K02316	dnaG
K06166	phnG
K06167	phnP
K02313	dnaA
K06165	phnH
K06168	miaB
K09999	artQ
K01686	uxuA
K01687	ilvD
K02403	flhD
K08680	menH
K08682	acpH
K12152	nudJ
sce_YJL174W	-
K11755	hisI
K11754	folC
K11751	ushA
K11750	frsA
K11753	ribF
K11752	ribD
K00681	ggt
K02407	fliD
K13938	folM
K05366	mrcA
mpn_MPN263	-
hsa_B7Z6I1	-
K11991	tadA
K01443	nagA
K11996	moeB
K07091	lptF
hsa_G8FSY7	-
K01760	metC
K09612	iap
sce_YNL126W	-
K10972	allS
K07560	dtd
K10974	codB
K07566	tsaC
K07568	queA
K11198	mngA
K11191	murP
eco_b1967	HchA
K10710	frlD
K10711	frlR
K10716	kch
K11175	purN
K01929	murF
K01928	murE
spo_SPAC24B11.11c	-
K01923	purC
K08160	mdfA
K01921	ddlA
K01921	ddlB
K01920	gshB
K11179	tusE
K01925	murD
K01924	murC
K00322	sthA
K07789	mdtC
K07788	mdtB
K00324	pntA
K00325	pntB
K07784	uhpT
K07787	cusA
K07786	emrY
hsa_B4DTI0	-
K07780	appY
K07783	uhpC
K07782	sdiA
K06941	rlmN
K10806	yciA
K10804	tesA
K10805	tesB
K06949	rsgA
K07141	mocA
hsa_P0CG38	-
K09136	ycaO
K01816	hyi
K01815	kduI
K01814	hisA
K01813	rhaA
K05809	raiA
K01811	yicI
K01810	pgi
K05804	rob
K05807	bamD
K05800	ybaO
K05801	djlA
K05802	mscK
K05802	mscM
K01818	fucI
K04047	dps
K04046	yegD
K04045	hscC
K04044	hscA
K04043	dnaK
K04042	glmU
K00783	rlmH
K00784	rbn
K00788	thiE
K00789	metK
K00033	gnd
hsa_Q53H79	-
K00031	Icd
K00031	icd
K01258	pepT
K01255	pepA
K01256	pepN
K01251	-
K01250	rihA
K01252	entB
K10026	queE
K09001	anmK
sce_YOR257W	-
K01048	pldB
K00254	pyrD
K01079	SerB
K01079	serB
K02679	ppdA
K01070	frmB
K01070	yeiG
K01070	YeiG
K01077	phoA
K00813	aspC
K00817	hisC
hsa_Q6YL44	-
K08300	Rne
K08300	rne
K08301	rng
K08302	gatY
K08302	kbaY
mmu_17996	-
K08309	slt
K01491	folD
K05798	leuO
K05799	pdhR
K01495	folE
K01494	dcd
K01673	cynT
K01673	can
hsa_F6QUT6	-
K02418	fliO
K02419	fliP
K01676	fumA
K01676	fumB
K02412	fliI
K02413	fliJ
K02410	fliG
K02411	fliH
K02416	fliM
K02417	fliN
K02414	fliK
K02415	fliL
K11472	glcE
K02782	srlE
K02783	srlA
K02781	srlB
K02784	ptsH
mmu_17196	-
sce_YCR089W	-
K02899	rpmA
K02897	rplY
hsa_Q6FI97	-
K02892	rplW
K13051	iaaA
K02890	rplV
K13053	sulA
K01786	araD
hsa_C9JTX5	-
K01784	galE
K02078	AcpP
K01782	fadJ
sce_YOL030W	-
sce_YPL130W	-
K02071	metN
K02072	metI
K01788	nanE
K02527	waaA
K02523	ispB
K02520	infC
K02521	ilvY
eco_b4243	RidA
K03304	tehA
K02258	-
K02259	-
K02528	rsmA
K02529	rbsR
K02529	xylR
K02529	galR
K02529	galS
K06132	clsB
sce_YNL327W	-
K02099	araC
K03781	katE
K03781	KatE
K03780	ttdB
K03782	KatG
K03782	katG
K03785	aroD
K03784	deoD
K03787	umpG
K03789	rimI
K03788	aphA
K03413	cheY
K03412	cheB
K03414	cheZ
K03417	prpB
K13126	-
K11717	sufS
hsa_B7Z6P1	-
K03238	-
K06175	truC
K06177	rluA
K06176	truD
K03231	-
K06178	rluB
K03233	-
K03232	-
K09903	pyrH
K10017	hisP
K14261	alaC
sce_YDR077W	-
K12145	hyfJ
K12144	hyfI
K12410	cobB
K12141	hyfF
K12140	hyfE
K12142	hyfG
K07312	ynfH
K07313	pphA
K07310	ynfF
K07311	ynfG
K07314	pphB
K07319	yhdJ
K16088	fhuE
K16089	fepA
K16089	cirA
K07588	argK
K12527	ygfK
K12525	metL
K12524	thrA
K06916	yhcM
K03543	emrA
K12529	ygfM
K12528	xdhD
K16066	ydfG
sce_YKL052C	-
K10563	mutM
K18778	zapD
K13788	pta
K06858	btuF
sce_YMR294W	-
sce_YGR279C	-
K12700	rihC
K07559	kptA
K07229	yqjH
K07224	efeO
K07552	bcr
sce_YHR064C	-
K10708	frlB
hsa_Q1KLZ0	-
hsa_B4DXP9	-
hsa_C9JUM1	-
K03207	wcaH
K00331	nuoB
K00330	nuoA
K00335	nuoF
K00334	nuoE
K00337	nuoH
K00336	nuoG
eco_b0953	Rmf
K00338	nuoI
eco_b0957	OmpA
K16264	zitB
K06957	tmcA
K16261	-
K16263	yjeH
K06958	yhbJ
K00540	-
K05819	mhpT
K05818	mhpR
K01866	tyrS
K01866	TyrS
K01867	trpS
K01867	TrpS
K05813	ugpB
K07107	ybgC
K01868	thrS
K01868	ThrS
K01869	leuS
K01869	LeuS
K05817	hcaR
K05816	ugpC
K05815	ugpE
K05814	ugpA
K04032	eutT
K04033	eutR
eco_b3203	Hpf
K15040	-
K07042	ybeY
K00799	yfcG
K00799	gstA
K00798	btuR
K00797	speE
K00796	folP
K00027	maeA
K00794	ribE
K00793	ribC
K00791	miaA
K00790	murA
K09017	rutR
K09016	rutG
K09013	sufC
hsa_E7EVS6	-
K01262	pepP
K09019	rutE
K00024	mdh
K08227	lplT
K02337	dnaE
K08225	entS
K08224	ynfM
K08223	fsr
K10038	glnQ
K10037	glnP
K10036	glnH
K17938	sbmA
K06146	idnR
K01142	xthA
K06142	Skp
hsa_Q53G99	-
K00241	sdhC
K00240	sdhB
K00242	sdhD
K00245	frdB
K00244	frdA
K00247	frdD
K00246	frdC
K04764	ihfA
K04765	mazG
K04762	hslR
K04763	xerD
K04760	greB
K04761	oxyR
K15866	paaG
hsa_P21333-2	-
K00806	ispU
sce_YAR050W	-
K00800	aroA
K08313	fsaA
K08312	nudE
K15461	mnmC
K15460	trmN
K08317	ybdH
K08316	rsmD
K08315	hycI
K08314	fsaB
K08319	ygbJ
K08318	yihU
K05782	ydcO
K05780	phnL
K05787	hupA
K05787	HupA
K05786	rarD
K05785	rfaH
K14392	panF
K14393	actP
K05788	ihfB
K15268	eamA
K02409	fliF
K02408	fliE
K01689	Eno
K01689	eno
K02401	flhB
K02400	flhA
K01684	dgoD
K02402	flhC
K02405	fliA
K05367	pbpC
K02406	FliC
K02406	fliC
K02799	cmtA
K02798	mtlA
K02798	cmtB
mmu_17189	-
K01448	amiA
K01448	amiC
K01448	amiB
K02790	malX
K02793	manX
K02795	manY
K02796	manZ
K02888	rplU
K18015	elaD
K02884	rplS
K02887	rplT
K02886	rplB
K02881	rplR
K04564	SodB
K04564	SodA
K04564	sodB
K04564	sodA
K04565	sodC
K02069	fetB
K02068	fetA
K01042	selA
K02063	thiP
K02062	thiQ
K00945	cmk
K02067	mlaD
K02066	mlaE
K02065	mlaF
K02064	thiB
K02535	lpxC
K02536	lpxD
K02533	yjtD
K02532	lacY
sce_YGR189C	-
eco_b4255	RraB
K02081	agaR
K02080	agaI
K02083	allC
K02082	agaS
K01092	suhB
sce_YLR037C	-
sce_YLR212C	-
K12957	ahr
sce_YMR215W	-
K03424	tatD
K03424	ycfH
K03424	yjjV
K03425	tatE
K03426	NudC
K03426	nudC
K03427	hsdM
K03756	potE
K03757	cadB
hsa_Q5T8M7	-
K03752	mobA
K03750	moeA
hsa_Q5T8M8	-
K03758	ydgI
K03759	adiC
K06148	mdlB
K06149	UspA
K02339	holC
K02338	dnaN
K06144	uspB
K02336	polB
K02335	polA
K06147	mdlA
K06140	rnk
K06141	tsgA
sce_YDR508C	-
sce_YHR172W	-
hsa_B4DWQ5	-
K03683	rnt
K03684	rnd
K03685	rnc
K03685	Rnc
K03686	dnaJ
K03687	grpE
K02968	rpsT
mtu_Rv3029c	-
K03110	ftsY
K03111	ssb
sce_YHR143W	-
K07305	msrB
K07304	msrA
K03116	tatA
K07306	dmsA
K08825	-
K03119	tauD
K13953	adhP
K13954	yiaY
sce_YER070W	-
K07301	yrbG
K07300	chaA
K16092	btuB
K16091	fecA
K16090	fiu
K02963	rpsR
K03113	yciH
K02613	paaE
K10558	lsrA
K16074	ydaN
K18765	csrD
K07307	dmsB
K10550	alsC
K10551	alsA
K03117	tatB
K10555	lsrB
K10556	lsrC
K10557	lsrD
K07309	ynfE
K07308	dmsC
bsu_BSU09800	-
sce_YMR116C	-
K01662	dxs
K06895	argO
K07235	tusD
K07237	tusB
K07236	tusC
sce_YER018C	-
hsa_G3V1Y1	-
K11391	rlmG
K02462	yghD
K02462	gspM
K05966	citG
K05964	citX
spo_SPAC9G1.06c	-
sce_YOL069W	-
K04567	LysS
K04567	lysS
K04567	lysU
K04567	LysU
K08641	ddpX
K00658	sucB
sce_YKL164C	-
K00656	tdcE
K00656	pflD
K00656	pflB
K00656	ybiW
K00657	speG
K00655	plsC
K00652	bioF
K00651	metA
K10823	oppF
K10824	nikE
K07127	hiuH
K01870	IleS
K01870	ileS
K01873	valS
K01873	ValS
K01872	alaS
K01872	AlaS
K01875	serS
K01875	SerS
K01874	metG
K01874	MetG
K01876	AspS
K01876	aspS
K01879	glyS
K01878	glyQ
K04021	eutE
K04020	eutD
K04022	eutG
K07056	rsmI
sce_YFL014W	-
hsa_P31949	-
K00012	ugd
K00013	hisD
K00014	aroE
hsa_Q7Z7J6	-
mtu_Rv3224	-
hsa_Q59GD5	-
K02867	rplK
K00275	pdxH
K00276	tynA
hsa_P29401-2	-
K00278	nadB
hsa_F5H6T1	-
K01305	iadA
K04775	ydgD
K04774	sohB
hsa_P61158	-
K04771	degP
K05851	cyaA
K04773	sppA
K04772	degQ
K02654	pppA
eco_b0163	YaeH
K05685	macB
K00878	thiM
K00879	fucK
K13638	zntR
K13639	soxR
K13634	cysB
K13635	cbl
K13636	dsdC
K13637	uxuR
K00876	udk
spo_SPBC19G7.05c	-
K00874	kdgK
K04487	iscS
K04485	radA
K01271	pepQ
K05779	ynjD
K05776	modF
K05541	dusC
K05774	phnN
K05540	dusB
K15922	yihQ
K01698	hemB
K01695	trpA
K01695	TrpA
K01696	trpB
K01696	TrpB
K01690	edd
K01692	paaF
K00906	aceK
K00901	dgkA
hsa_B4DUI8	-
hsa_P68133	-
hsa_P07355	-
K01051	ybhC
K01056	pth
K01058	pldA
K05516	cbpA
K05517	tsx
K05515	mrdA
K02500	hisF
K02501	hisH
K02503	hinT
K02504	hofB
K02505	hofC
K02507	hofQ
spo_SPCC613.04c	-
spo_SPCC645.05c	-
sce_YKR083C	-
K12945	nudK
K12944	nudI
K12941	abgB
K12940	abgA
K02386	flgA
K03439	trmI
K02437	gcvH
K02437	GcvH
K02430	fucR
K13381	chiA
K03925	-
K03924	ravA
K03431	glmM
K02438	glgX
K02439	glpE
K03435	cra
K03212	rlmC
K03210	yajC
K03217	yidC
K03216	trmL
K03215	rlmD
K03214	yfiF
K13890	gsiC
K13891	gsiD
K13892	gsiA
K03218	rlmB
K13894	yejB
K13895	yejE
K13896	yejF
K06159	yojI
K06158	yheS
K04077	groL
K02342	dnaQ
K02343	dnaX
K02340	holA
K02341	holB
K06157	idnT
K06156	gntU
K02344	holD
K02345	holE
K03695	clpB
K03694	clpA
K16868	tehB
K09475	OmpC
K09475	ompC
K09477	citT
K09476	ompF
K09476	OmpF
K09471	puuB
K09470	puuA
K09473	puuD
K09472	puuC
K03327	mdtK
K03327	dinF
K03326	dcuD
K03326	dcuC
hsa_L0R5C4	-
K03322	mntH
K03321	dauA
K03320	amtB
K03329	yahN
K00854	xylB
K13963	-
K03490	chbR
K03106	ffh
K07336	ybiX
mpn_MPN685	-
K03101	lspA
K03100	lepB
K04759	feoB
K04758	feoA
K17713	bamB
K11941	opgC
K13288	orn
hsa_Q9GZN1	-
spo_SPCC1739.11c	-
K07592	tdcA
sce_YKL096W-A	-
K05995	pepE
K07114	yfbK
K07115	rlmJ
K00648	fabH
K10831	tauB
K00313	ydiS
K00313	fixC
K00313	ygcN
K00647	fabB
hsa_P08758	-
K07684	narL
K07685	narP
K07686	uhpA
K10544	xylH
K10543	xylF
K10542	mglA
K10541	mglC
K10540	mglB
K10540	MglB
K07688	sfmZ
K07689	uvrY
K10549	alsB
sce_YDR071C	-
sce_YLR301w	-
hsa_A0AUL6	-
K01845	hemL
K11392	rsmF
K01840	cpsG
sce_YMR117C	-
K11238	-
K00005	gldA
K04019	eutA
K02548	menA
K18530	frvX
K00009	mtlD
eco_b1376	UspF
hsa_B2RDG9	-
K03636	moaD
K15396	trmJ
sce_YOR383C	-
K03147	thiC
K18446	ygiF
K00262	gdhA
K00266	gltD
K08485	npr
K08484	ptsP
K01998	livM
K01999	livK
K01999	livJ
K01992	yadH
K01992	yhhJ
K01992	ybhS
K01992	ybhR
K01990	ybhF
K01990	yadG
K01991	wza
K01991	gfcE
K01996	livF
K01997	livH
K01995	livG
hsa_B7Z9W3	-
K04744	lptD
K01515	nudF
K01512	yccX
hsa_I3L3I0	-
K13629	dsdX
K13628	iscA
K00860	cysC
K18141	acrE
K18140	acrS
K00865	garK
K00865	glxK
K00864	glpK
K00867	coaA
sce_YEL040W	-
K06162	phnM
K01190	lacZ
K01194	treA
K01194	treF
K01195	uidA
K01198	yagH
hsa_A1E282	-
K01207	nagZ
K11540	-
K07687	rcsB
K06164	phnI
hsa_P37802	-
K00912	lpxK
K01420	fnr
K00919	ispE
eco_b1004	WrbA
K01425	glsA
K01425	glsB
mmu_12957	-
mmu_12958	-
K02647	cdaR
spo_SPAC27F1.02c	-
K06149  Stress response	UspA
K05501	slmA
K03118	tatC
K03595	era
K03590	ftsA
K03591	ftsN
K02519	infB
K03593	mrp
K02517	lpxL
K03599	SspA
K03599	sspA
K01736	aroC
K01737	queD
K01734	mgsA
K01735	aroB
K01733	thrC
hsa_K7EM38	-
K01738	cysK
K01739	metB
K08311	rppH
K07122	mlaB
K12972	ghrA
K12973	pagP
K12974	lpxP
K02423	fliT
K02422	fliS
K02421	fliR
K02420	fliQ
K02427	rlmE
K02425	fliZ
K02424	FliY
K02424	fliY
K14752	-
K14753	-
K02429	fucP
K02428	rdgB
K08310	nudB
K03770	ppiD
K03771	surA
K03772	fkpA
K03773	fklB
K03774	fkpB
K03775	slyD
K03776	aer
mpn_MPN428	-
K03778	ldhA
K03779	ttdA
K12372	sapF
K12372	dppF
K12370	dppC
K12370	sapC
K12371	sapD
K12371	dppD
K02358	tufB
K02358	tufA
K02358	TufA
K02358	TufB
K02355	fusA
K01433	purU
K02357	tsf
K02356	efp
K02356	yeiP
hsa_Q13707	-
K16703	wcaL
K16704	wecD
K13574	ybiC
P68032	-
K12112	ebgC
K12113	ebgR
K13979	yahK
K12111	ebgA
K12288	hofM
K03179	ubiA
K09996	artJ
K09997	artI
K09994	phnO
K07323	mlaC
K09998	artM
K07320	prmB
sce_YNL322C	-
K03177	truB
eco_b3098	YqjD
sce_YOR009W	-
hsa_B7ZAP6	-
K13889	gsiB
K12573	rnr
K18702	yfdE
K08191	exuT
K16053	ybdG
K16052	ynaI
K08297	caiA
K02986	rpsD
K06180	rluD
K06181	rluE
K06182	rluF
K06183	rsuA
K06186	bamE
K06187	recR
K11719	lptC
K06189	ybeX
K06630	-
K06631	-
K07589	folX
sce_YJL042W	-
K10440	rbsC
K10441	rbsA
K11139	hlyE
sce_YDL204W	-
K05984	cho
K05982	nfi
K07451	mcrA
K07452	mcrB
K07455	recT
K07106	murQ
hsa_Q53HF6	-
K07458	vsr
K00673	astA
K00674	dapD
K00675	nhoA
K00677	lpxA
K07690	evgA
K10537	araF
K10538	araH
K10539	araG
K16291	ldtA
K16291	ldtB
K16291	ldtC
K16291	ldtE
K02113	atpH
K02299	cyoC
K02568	napB
K02116	atpI
K00073	allD
K00076	hdhA
mtu_Rv0251c	-
K00074	paaH
K00075	murB
K02314	dnaB
K02560	lpxM
sce_YDR201W	-
K08277	caiF
K00299	ssuE
K00297	metF
K00108	betA
K00104	glcD
K00102	-
K00101	lldD
eco_b0144	GluQ
K00855	prkB
K00855	PrkB
K00857	tdk
K00850	pfkA
K00851	gntK
K00851	idnK
K00852	rbsK
K00853	araB
K01507	ppa
K00858	nadK
K00859	coaE
K04751	glnB
K01185	rrrD
K01185	rrrQ
K01187	malZ
K05759	-
spo_SPBC21B10.08c	-
K02558	mpl
K02745	agaV
sce_YOR382W	-
K01439	dapE
K01438	argE
K00925	AckA
K00925	ackA
K00926	ybcF
K00926	yqeA
K00926	yahI
K00927	pgk
K00928	lysC
mmu_12962	-
mmu_12961	-
K05539	dusA
K08296	sixA
K15835	murR
K15836	fhlA
K15342	ygbT
K02982	rpsC
K02988	rpsE
K08298	caiB
K08299	caiD
K03583	recC
K03582	recB
K03581	recD
K03580	rapA
K03587	ftsI
K03586	ftsL
K03585	acrA
K03584	recO
K02562	mtlR
K02563	murG
K03589	ftsQ
K03588	ftsW
K02567	napA
K02564	nagB
K02565	nagC
K01725	cynS
K01720	prpD
K12961	diaA
K02027	ycjN
K02026	ycjP
K02025	ycjO
K02024	lamB
K14742	tsaB
K14744	rzpD
sce_YIL011W	-
K02364	entF
hsa_F5H3I4	-
K12369	dppB
K12369	sapB
K12368	dppA
K12368	sapA
K12368	Dppa
K02362	entD
K03768	ppiB
K03767	ppiA
K03765	cadC
K03764	metJ
K03762	proP
K03761	kgtP
K02167	betI
sce_YNL225C	-
K02160	AccB
K02160	accB
K02843	waaF
K02168	betT
K09458	fabF
K02844	waaG
K05875	tar
K00602	purH
K02182	caiC
spo_SPAC1F5.04c	-
hsa_B4DM97	-
K12299	garP
K03168	topA
sce_YLR150W	-
K12291	hofP
K12290	hofO
K12297	rlmL
K02361	entC
K11922	mngR
K11923	cueR
K11920	envY
K11921	cynR
K03769	ppiC
K11924	mntR
K11925	sgrR
K11928	putP
K02363	entE
K13219	-
K10973	allR
K07262	pbpG
K07263	pqqL
K07261	mepA
sce_YJL160C	-
K07264	arnT
K12582	wecF
hsa_Q9H568	-
K02895	rplX
sce_YMR157C	-
sce_YDR106W	-
K11720	lptG
K11104	melB
K11105	cvrA
K11106	ttdT
K11103	dctA
K10986	agaD
K10985	agaC
K10984	agaB
K01118	azoR
K00970	pcnB
sce_YNL066W	-
K00661	maa
K02445	glpT
K04770	ycbZ
K10857	exoX
hsa_P60709	-
K07462	recJ
K07666	qseB
K07667	kdpE
K07664	baeR
K02169	bioC
K06445	fadE
K07663	creB
K06447	astD
K07661	rstA
K10679	nfsB
K10678	nfsA
K08483	frwA
K08483	ptsI
K08483	fryA
K11216	lsrK
K00598	tam
K07390	grxD
K00060	tdh
K00065	kduD
K08723	yjjG
K00067	rfbD
K00068	srlD
mtu_Rv1636	-
sce_YDL049C	-
K00872	thrB
eco_b1482	OsmC
K00873	pykF
K00873	pykA
K00285	dadA
K00287	folA
K00286	proC
K00281	gcvP
K13631	soxS
K07714	atoC
K07715	glrR
K07712	glnG
mmu_16126	-
K07710	atoS
K07711	glrK
K00117	gcd
K00116	mqo
K00111	glpD
K00111	glpA
K00113	glpC
K00112	glpB
hsa_P61163	-
K00840	astC
K00847	mak
K00845	glk
K00844	-
K01531	mgtA
K00849	galK
hsa_Q8IY98	-
K01534	zntA
K01535	-
hsa_J3KT65	-
K01537	-
sce_YNR044W	-
sce_YMR305C	-
hsa_Q53G76	-
hsa_C9JZR7	-
K15736	lhgO
K15735	csiR
sce_YAL063C	-
K02950	rpsL
K15738	uup
K01881	ProS
K01881	proS
K01883	CysS
K01883	cysS
K01885	gltX
K01885	GltX
K01886	glnS
K01886	GlnS
K01887	ArgS
K01887	argS
K08591	plsY
K01889	pheS
K01889	PheS
K01226	treC
K01222	chbF
K01223	bglA
K01223	bglB
K01223	ascB
K04437	-
K01154	hsdS
eco_b4037	MalM
K02759	chbA
K01153	hsdR
K01150	endA
K01151	nfo
K02755	bglF
K01409	tsaD
K02752	ascF
K13771	nsrR
K00939	adk
K00937	ppk
mmu_12970	-
K00932	tdcD
K00931	proB
K00930	argB
K05522	nei
K05520	yhbO
K05526	astE
K02621	parC
K01089	hisB
K02622	parE
K08281	pncA
K02996	rpsI
K02994	rpsH
K01082	cysQ
K08289	purT
K01085	agp
K01087	otsB
K08970	rcnA
hsa_O94805	-
K05778	ynjC
K03578	hrpA
K03579	hrpB
K03576	metR
K03082	sgbU
K03574	mutT
K01270	pepD
K03572	mutL
K03573	mutH
K03570	mreC
sce_YOR247W	-
K01710	rfbB
K01710	rffG
K01711	gmd
K01714	dapA
K01714	yagE
K01714	yjhH
K01716	fabA
K05777	ynjB
K01719	hemD
K03081	sgbH
K03777	dld
K03169	topB
K03977	der
K03974	pspF
K03979	obgE
K02199	dsbE
K02198	ccmF
K13378	nuoC
sce_YPL124W	-
K08138	xylE
K02193	ccmA
K02196	ccmD
K02195	ccmC
K02194	ccmB
K02372	fabZ
K03718	asnC
K03719	lrp
K02377	wcaG
K03712	marR
K07781	rcsA
K03711	fur
K03717	nhaR
hsa_Q6PJ43	-
K03488	bglG
K02170	bioH
K03482	yidP
K03487	ascG
K03485	treR
K17677	yejH
K03804	mukE
K03805	dsbG
K03800	lplA
K03801	lipB
K03154	thiS
K03624	greA
K03625	nusB
K03150	thiH
K03151	thiI
K03152	yajL
K03621	plsX
K03628	rho
K03629	recF
K07147	yedY
sce_YKR102W	-
hsa_D3DNS0	-
K11927	rhlE
K11931	pgaB
eco_b1836	YebV
K11933	hcr
K11934	OmpX
K11934	ompX
K11936	pgaC
K11939	rhtA
K11938	cof
K11929	phoE
hsa_F8WB63	-
K07277	bamA
K07279	yfaL
K13632	marA
K09888	zapA
K09889	yjgA
K05863	-
K12136	hyfA
K12137	hyfB
K11733	lysP
K11732	pheP
K11737	cycA
K12139	hyfD
K11735	gabP
K11734	aroP
K16325	nupX
K16324	psuT
K16326	yeiL
K16321	gntP
K16322	pitA
K16322	pitB
K06879	queF
K16329	psuG
K16328	psuK
K00610	pyrI
K00611	argI
K00611	argF
K00616	talA
K00616	talB
K00615	tktB
K00615	tktA
K02485	rssB
K07471	ygiV
hsa_B4E3A4	-
K07679	evgS
K07678	barA
K07675	uhpB
K07674	narQ
K07677	rcsC
K07676	rcsD
K07673	narX
K01812	uxaC
K07490	feoC
sce_YER016W	-
K15034	arfB
hsa_B4DW52	-
K11203	frwC
K11203	fryC
K11202	frwB
K11202	frvB
K11202	frwD
K11202	fryB
K11201	frvA
K00058	SerA
K00058	serA
K00059	fabG
K00057	gpsA
K00052	leuB
K00053	ilvC
K15256	cmoA
sce_YDR233C	-
K18479	yihS
K18478	yihV
K15257	cmoB
K18471	ydjG
K07701	dcuS
K07700	citA
K07703	dcuR
K07702	citB
K00432	btuE
K00121	frmA
K00123	fdhF
K00123	fdoG
K07709	zraS
K07708	glnL
K00127	fdoI
K02452	gspC
hsa_F8W057	-
K04371	-
hsa_G5E9R0	-
sce_YBR067C	-
K01951	guaA
K14187	tyrA
hsa_Q8WVW5	-
K05887	ydiB
K05880	dhaR
K14348	lldR
K14347	yfeH
K15584	nikA
K15585	nikB
K15586	nikC
K15587	nikD
K15580	oppA
K15580	mppA
K15581	oppB
K15582	oppC
K15583	oppD
K01897	FadD
K01897	fadD
K01895	acs
K01893	asnS
K01892	HisS
K01892	hisS
K00548	metH
K01890	PheT
K01890	pheT
K02768	fruB
K02769	fruA
K01147	rnb
K01141	sbcB
K01414	prlC
K02760	chbB
K02761	chbC
K01419	hslV
K00036	zwf
K00948	prs
K00942	gmk
K00943	tmk
K00940	ndk
K00941	thiD
K00946	thiL
K06211	nadR
K01096	pgpB
K01095	pgpA
K01093	appA
sce_YLR390W-A	-
K01091	gph
K01527	-
K01525	apaH
K01524	ppx
K01524	gpp
K02618	paaZ
K02619	pabC
K01521	cdh
K01520	dut
K02614	paaI
K02615	paaJ
K02616	paaX
K02965	rpsS
K02610	paaB
K02611	paaC
K02612	paaD
K02961	rpsQ
sce_YJL159W	-
sce_YIL144W	-
K03569	mreB
K03569	MreB
K03568	tldD
K03564	bcp
K03567	gcvR
K03566	gcvA
K03561	exbB
K03560	tolR
K03563	csrA
K03562	tolQ
K01708	garD
K01706	gudD
K01704	leuD
K01704	LeuD
K01703	leuC
K01703	LeuC
K02298	cyoB
K14762	yibL
K14761	ybcJ
K05396	dcyD
K13695	nlpC
K02388	flgC
K02389	flgD
K03701	uvrA
K02387	flgB
K03703	uvrC
K03702	uvrB
K17195	alsE
K03704	CspA
K03704	CspE
K03704	CspH
K03704	CspB
K03704	CspD
K03704	CspI
K03704	CspG
K03704	CspC
K03704	CspF
K03704	cspH
K03704	cspI
K03704	cspF
K03704	cspG
K03704	cspD
K03704	cspE
K03704	cspB
K03704	cspC
K03704	cspA
sce_YLR300W	-
K02145	-
sce_YIR019C	-
eco_b4376	OsmY
K03495	mnmG
K06193	yjdM
hsa_Q96DE1	-
K03819	wcaB
K03818	wcaF
K18142	acrF
K03815	xapA
K03814	mtgA
K03817	rimL
K03811	pnuC
K02549	menC
K02818	treB
K03635	moaE
K03637	moaC
K17686	copA
hsa_B3KPP5	-
K03146	-
K03633	mukF
K03632	mukB
K03149	thiG
K03148	thiF
K03639	moaA
K03385	nrfA
sce_YDR534C	-
K03387	ahpF
K03386	ahpC
K06282	hybO
K06282	hyaA
K06281	hyaB
K06281	hybC
hsa_P63267	-
K06518	yohJ
K06048	ybdK
sce_YJL026W	-
K06041	kdsD
K03438	rsmH
K12340	tolC
K02431	fucU
hsa_I3L4N8	-
K07248	aldA
K09892	zapB
K09892	ZapB
K09890	arfA
K07245	yebZ
K07246	dmlA
mpn_MPN141	-
K16138	uidR
K16139	uidB
K16135	dmlR
K16136	malI
K16137	nemR
mpn_MPN294	-
K11473	glcF
K11474	glcC
K06866	YfiD
hsa_B4DVQ0	-
K06861	lptB
K00600	glyA
K03746	hns
K00605	gcvT
K00604	fmt
K00606	panB
K00609	pyrB
sce_YOR230W	-
K03743	pncC
K07648	arcB
K11738	ansP
K07640	cpxA
K07641	creC
K07642	baeS
K07643	basS
K07644	cusS
K07645	qseC
K07646	kdpD
K07647	torS
K13893	yejA
K12265	norW
K07026	yedP
K00048	fucO
K00042	garR
K00042	glxR
K00041	uxaB
K00040	uxuB
K00046	idnO
K07803	zraP
K02226	cobC
K07806	arnB
hsa_Q8TDY3	-
hsa_B3KUP6	-
K06153	ybjG
K06153	bacA
K00137	patD
K00135	gabD
K00135	GabD
K00134	gapA
K00133	asd
K00130	betB
K01956	carA
K02346	dinB
K01955	carB
K01952	purL
K01953	asnB
K00138	aldB
K00428	yhjA
K07733	alpA
K06155	gntT
K07738	nrdR
K00420	-
K00425	cydA
K00425	cbdA
K00427	lldP
K00426	cbdB
K00426	cydB
K03641	tolB
sce_YER011W	-
spo_SPCC4B3.15	-
K02297	cyoA
K07665	cusR
K07662	cpxR
K00554	trmD
K00557	trmA
K00556	trmH
K07660	phoP
K00558	dcm
sce_YMR307W	-
SA2173	-
K01176	amyA
K01176	malS
K01179	bcsZ
sce_YGL061C	-
K15974	mprA
hsa_Q8TC94	-
K00951	relA
K00950	folK
K00954	coaD
K00957	cysD
K00956	cysN
hsa_B3KW67	-
K01685	uxaA
K02609	paaA
K03324	yjbB
K02601	nusG
K02600	nusA
K02970	rpsU
hsa_B3KWQ3	-
K02972	sra
K03559	exbD
K03755	adiY
K03550	ruvA
K03551	ruvB
K03553	recA
K03554	rdgC
K03555	mutS
K01682	acnB
K03557	fis
K01778	dapF
K01772	hemH
K01770	ispF
K01776	murI
K01775	alr
K01775	dadX
K08303	yhbU
K08303	yegQ
K08303	ydcP
K02777	crr
K02775	sgcC
K02774	sgcB
K02774	gatB
K02773	gatA
K02773	sgcA
K14155	malY
K13683	wcaE
K08154	emrD
K02778	ptsG
mtu_Rv0186A	-
eco_b3509	HdeB
K02398	flgM
K02395	flgJ
K02394	flgI
K02038	pstA
K02396	flgK
K02391	flgF
K02390	flgE
K02393	flgH
K02392	flgG
sce_YOR010C	-
sce_YDR356W	-
K05881	dhaM
bsu_BSU02900	-
K02154	-
K01608	gcl
K09018	rutA
K01681	acnA
K01681	ybhJ
K02805	wecE
K02552	menF
K02551	menD
K02550	glcA
K02557	motB
K02556	motA
K02554	mhpD
K03820	lnt
K03823	mnaT
K03824	yhbS
K03825	yhhY
K03826	yiaC
K03827	yjaB
K03601	xseA
K03602	xseB
K03603	fadR
K03604	purR
K03605	hybD
K03605	hyaD
sce_YHR129C	-
K03608	minE
K03608	MinE
K03609	MinD
K03609	minD
sce_YJL158C	-
K08722	yfbR
K06078	Lpp
K09710	rsfS
K01497	ribA
K06073	btuC
K06074	btuD
K06075	slyA
K06076	fadL
hsa_Q53GH2	-
K03735	eutB
K03736	eutC
K03737	YdbK
K03737	pfo
K03732	rhlB
K03733	xerC
K12339	cysM
K08139	-
K11685	stpA
K01671	yihT
K07259	dacB
K07258	dacA
K07258	dacC
K07258	dacD
hsa_Q6S8J3	-
K13823	-
K13822	-
K03043	rpoB
K03040	rpoA
K07250	gabT
K03046	rpoC
hsa_Q59FV6	-
sce_YKR042W	-
K01679	fumC
K12660	rhmA
K12661	rhmD
sce_YBL034C	-
K16301	efeB
sce_YNL300W	-
K03556	malT
K00341	nuoL
K00631	plsB
K00632	fadI
K00632	fadA
K00633	lacA
K07657	phoB
K14053	ompG
K00343	nuoN
K07659	ompR
K09970	yhdX
K16012	cydC
K09972	yhdZ
K07387	ycaL
K07387	loiP
K06925	tsaE
K07735	yqgE
K06920	queC
K13694	mepS
K07638	envZ
hsa_A5A3E0	-
K11262	-
K11264	scpB
eco_b0897	YcaC
hsa_F6UVQ4	-
K00700	glgB
K01940	argG
K00705	malQ
spo_SPBC2G5.05	-
K07810	cusF
K07812	torZ
K00090	ghrB
K00094	gatD
K00097	pdxA
K00098	idnD
K00099	dxr
hsa_B4DXW1	-
K06080	rcsF
K06145	gntR
sce_YNR067C	-
K00414	-
K00415	-
K00416	-
K00417	-
K00146	feaB
K01948	-
K00145	argC
K01945	purD
spo_SPAC25B8.12c	-
K00418	-
K00419	-
K00384	trxB
K00380	cysJ
K00381	cysI
K00382	lpd
K00383	gor
K07726	yiaG
K07724	sfsB
K07722	nikR
spo_SPCC1223.02	-
K00891	aroK
K00891	aroL
K00892	gsk
sce_YGL075C	-
K08159	ydeA
K05714	mhpC
K05710	hcaC
K05711	hcaB
K05712	mhpA
K05713	mhpB
K00560	thyA
sce_YLR286C	-
K00563	rlmA
K00564	rsmC
K00566	mnmA
K00567	ogt
K00568	ubiG
K01783	rpe
K00965	galT
sce_YGL028C	-
K01169	rna
K00963	galU
K00963	wcaN
hsa_A8K3K1	-
K00969	nadD
K01160	rusA
sce_YOL155C	-
sce_YAL044C	-
dme_Dmel_CG2184	-
K01838	ycjU
sce_YBR078W	-
K08092	yiaK
K17948	nanM
K13684	wcaC
K02948	rpsK
hsa_P62736	-
K01545	kdpF
K01547	kdpB
K01546	kdpA
K01548	kdpC
K08156	araJ
K08156	ydhP
K02945	rpsA
K02946	rpsJ
K02947	-
sce_YER150W	-
K02018	modB
K02019	modE
K02016	fepB
K02016	fecB
K02016	fhuD
K02017	modC
K02014	fhuA
K02014	yncD
K02015	fecD
K02015	fepD
K02015	fepG
K02015	fecC
K02015	fhuB
K02013	fepC
K02013	fecE
K02013	fhuC
K02010	afuC
K02399	flgN
K01766	csdA
K02492	hemA
K02493	prmC
K06188	aqpZ
K02496	hemX
K08161	mdtG
K08162	mdtH
K08163	mdtL
K08169	yebQ
K14415	rtcB
K14414	rtcR
K02397	flgL
K08368	yaaU
K08369	ydjK
K08369	ydjE
hsa_D2JYH4	-
eco_b3510	HdeA
hsa_Q9Y615	-
hsa_Q9Y614	-
K01611	speD
K01610	pck
K01613	psd
K04064	OsmE
K01619	deoC
hsa_I3L3R2	-
K03837	sdaC
K03836	tnaB
K03835	mtr
K03834	tyrP
K03833	selB
K03832	tonB
K03831	mog
K03830	yafP
K03838	tdcC
K03547	sbcD
K03546	sbcC
K03545	Tig
K03544	clpX
K02834	rbfA
K02835	prfA
K02836	prfB
K02837	prfC
K02838	frr
K03549	kup
K03548	yfgO
sce_YHR211W	-
mmu_11657	-
K03611	dsbB
K03610	minC
K03610	MinC
K02237	ybaV
hsa_P61160	-
K02233	cobS
K02231	cobU
K02238	ycaI
hsa_Q53GK6	-
sce_YBR301W	-
sce_YFL037W	-
K03723	mfd
K03722	dinG
K03721	tyrR
K03720	trpR
K03724	lhr
K00848	rhaB
K07238	zupT
K00547	mmuM
eco_b3336	Brf
K06726	rbsD
K10003	gltJ
K11534	deoR
K16370	pfkB
K16371	gatZ
K16371	kbaZ
K00627	aceF
K00626	atoB
K00626	yqeF
K03828	yjgM
hsa_Q5JWF8	-
K03829	yedL
K09023	rutD
K02806	ptsN
K11074	potI
K11075	potH
K11076	potG
K10009	yecS
K11070	potC
K11071	potB
K11072	potA
K11073	potF
K11250	leuE
K02802	nagE
K11258	ilvM
hsa_Q562R1	-
hsa_Q562R3	-
K11085	msbA
K18799	wzxB
hsa_P42025	-
K07287	bamC
K02300	cyoD
K07821	torY
mmu_19293	-
spo_SPBC244.01c	-
K00088	guaB
K00087	xdhA
K05916	hmp
K00156	poxB
K01972	ligA
K01972	ligB
K01974	rtcA
K01975	ligT
K00390	cysH
K01417	mepM
K07751	pepB
K07757	ybiV
K10124	bglH
K07447	yqgF
K05709	hcaF
K05708	hcaE
K05879	dhaL
K05878	dhaK
K15773	hipB
K05874	tsr
K05877	tap
K05876	trg
K04095	fic
K04091	ssuD
K00575	cheR
K00574	cfa
K00573	pcm
K02000	proV
K00973	rfbA
K00973	rffH
K00971	cpsB
K01119	cpdB
K00975	glgC
K00974	cca
K00979	kdsB
K00640	cysE
K06179	rluC
K01407	ptrA
K01284	dcp
K02956	rpsO
K02954	rpsN
K02952	rpsM
sce_YML124C	-
hsa_Q96LK1	-
hsa_B3KUD3	-
K10545	xylG
K02959	rpsP
K14553	-
K00885	nanK
K00884	nagK
K00883	dgoK
K00882	fruK
K00881	alsK
hsa_R4GMT0	-
K01577	oxc
K03469	rnhA
K01754	ilvA
K01754	tdcB
K01755	argH
K01756	purB
K01751	ygeX
K01752	tdcG
K01752	sdaB
K01752	sdaA
K01753	dsdA
K02004	ybbP
K02001	proW
eco_b0426	YajQ
K02003	ybbA
K02002	proX
K01595	ppc
K01591	pyrF
K01159	ruvC
K01599	hemE
K08172	shiA
K02483	yedW
K08177	yhjX
K02484	yedV
K02858	ribB
K00690	ycjM
K14170	pheA
K03449	yeaN
K03449	cynX
K03446	emrB
K00411	-
K03445	nepI
K03442	mscS
K01620	ltaE
K01624	fbaA
K01625	eda
K01626	aroH
K01626	aroF
K01626	aroG
K01627	kdsA
K01628	fucA
K03841	fbp
K03841	Fbp
K00880	lyxK
K03532	torC
K03533	torD
K03530	HupB
K03530	hupB
K03531	ftsZ
K03531	FtsZ
K03536	rnpA
K03534	rhaM
K03535	gudP
K02824	uraA
K02822	ulaB
K02821	yadI
K02821	ulaC
K03669	opgH
K03666	hfq
K03667	hslU
K12266	norR
K09771	ynfA
K02221	yggT
K09774	lptA
K00124	fdoH
K03289	nupG
K03284	corA
K13243	dosP
K13244	yahA
K03282	mscL
K03283	-
K03060	rpoZ
K12146	hyfR
K03269	lpxH
K16140	uidC
K01847	scpA
K02992	rpsG
K02990	rpsF
sce_YKL117W	-
K02073	metQ
K02073	nlpA
K08280	wbbJ
spo_SPAC4F8.13c	-
K06163	phnJ
K12687	flu
K18657	zapC
K02669	yggR
K08320	nudG
K07637	phoQ
K07636	phoR
K07639	rstB
K08326	ypdF
sce_YLR040C	-
K11069	potD
K11068	yqfA
spo_SPAC3C7.14c	-
sce_YMR006C	-
K11066	amiD
K11065	tpx
K11535	nupC
K06901	yjcD
K06901	ygfQ
K06901	yicO
K06901	purP
K11537	xapB
K11531	lsrR
hsa_O96019	-
K11249	eamB
K00762	pyrE
K00763	pncB
K00760	hpt
K00761	upp
K00767	nadC
K00764	purF
K00765	hisG
K00768	cobT
K00769	gpt
K07251	thiK
K01785	galM
K09823	zur
K03577	acrR
K03575	mutY
K15549	mdtN
K02575	narU
K02575	narK
sce_YML085C	-
K01963	accD
K01963	AccD
K01962	AccA
K01962	accA
K01961	AccC
K01961	accC
K03571	mreD
K07713	zraR
K00164	sucA
K00163	aceE
K07749	frc
K10680	nemA
K00364	guaC
K00362	nirB
K00363	nirD
K01759	gloA
NotMapped	NotMapped
